user_id,segment,city,neighborhood,lat,lng
synth_u_95949512,explorer,İstanbul,Üsküdar,40.99702490568771,28.999181524449703
synth_u_66ecec9c,healthy,İstanbul,Kadıköy,41.003809067279334,29.030948803145947
synth_u_394ee65c,budget,İstanbul,Kadıköy,40.975591241881276,29.028083504654205
synth_u_2b613aae,explorer,İstanbul,Bakırköy,40.98828243100488,28.866037797870238
synth_u_2cb9842e,loyal,İstanbul,Maltepe,40.909224257279895,29.152182218337387
synth_u_3d884ed3,loyal,İstanbul,Beşiktaş,41.027411554708515,29.028284329828725
synth_u_674ea52b,loyal,İstanbul,Kadıköy,41.00958347926203,29.035128062696845
synth_u_5c61a80b,premium,İstanbul,Beyoğlu,41.061473825079965,28.968495607068352
synth_u_a0fdb0fa,budget,İstanbul,Üsküdar,41.04353522961821,29.0053865640288
synth_u_aa9cff66,budget,İstanbul,Kadıköy,40.97609179868387,29.012617581532254
synth_u_30d5bb86,loyal,İstanbul,Sarıyer,41.1603203364886,29.043454657442066
synth_u_8c87704b,healthy,İstanbul,Şişli,41.06849865807447,29.001567864279153
synth_u_168f92f9,premium,İstanbul,Üsküdar,41.00492371071341,29.031716248836993
synth_u_8e5a8155,loyal,İstanbul,Beşiktaş,41.06579411781736,29.022885357331
synth_u_7dd4236b,loyal,İstanbul,Sarıyer,41.18171891413764,29.02734447523612
synth_u_3f2d1188,loyal,İstanbul,Şişli,41.035850735416844,29.01671643092859
synth_u_f9ee27a0,loyal,İstanbul,Beşiktaş,41.05120209001594,29.001920054957587
synth_u_548651ce,explorer,İstanbul,Beşiktaş,41.02910418960508,29.01379818560998
synth_u_20a4e250,explorer,İstanbul,Şişli,41.0638152932403,28.977206958570346
synth_u_98e75130,loyal,İstanbul,Kadıköy,40.96631980407701,28.999746065049305
synth_u_2e3c7213,budget,İstanbul,Bakırköy,40.98261129895849,28.863549595365946
synth_u_983a493a,loyal,İstanbul,Beyoğlu,41.06136369608722,29.003053967713967
synth_u_fcef9e58,loyal,İstanbul,Kadıköy,41.01159937568266,29.045665943553953
synth_u_114ca564,explorer,İstanbul,Beşiktaş,41.02432204077539,28.973798146819934
synth_u_f0a0505f,explorer,İstanbul,Beşiktaş,41.0428316817865,28.98636933931397
synth_u_9e46b673,budget,İstanbul,Beşiktaş,41.05031078350627,29.01720977330335
synth_u_636843dc,loyal,İstanbul,Kadıköy,41.015313499873166,29.057951488413917
synth_u_05892219,explorer,İstanbul,Beyoğlu,41.01491987704437,28.967381014066046
synth_u_7066f5ae,explorer,İstanbul,Beşiktaş,41.046440915875074,28.979209988298088
synth_u_ae64c6d9,loyal,İstanbul,Kadıköy,41.00488660352742,29.0467370226437
synth_u_6102222a,budget,Ankara,Çankaya,39.88529875453914,32.864749977295986
synth_u_f94b8cc7,loyal,İstanbul,Beşiktaş,41.044924112907,29.025878902823898
synth_u_cb9d788d,loyal,İstanbul,Şişli,41.068580376196664,28.97802591345962
synth_u_9d5d5f37,healthy,İstanbul,Beşiktaş,41.01923383223386,28.97507306055437
synth_u_64f5c9db,healthy,İstanbul,Beşiktaş,41.01961043708157,29.018796002468612
synth_u_0f42c40e,premium,İstanbul,Kadıköy,40.98163397238273,29.028713752710832
synth_u_ecd8be2e,loyal,İstanbul,Beşiktaş,41.02292496479595,29.04061281903032
synth_u_0e9387f5,loyal,İstanbul,Beşiktaş,41.041339077997,29.002739091279903
synth_u_5397cd8f,budget,İstanbul,Şişli,41.05516911475783,28.98473610203934
synth_u_5714aae4,explorer,İstanbul,Üsküdar,41.03060160817811,28.983819214065324
synth_u_4ea91344,loyal,İstanbul,Sarıyer,41.153213855887586,29.024555654675904
synth_u_f6a590c1,explorer,İstanbul,Beşiktaş,41.04077989558924,29.03623898992193
synth_u_1bf859ed,loyal,İstanbul,Sarıyer,41.16952028715945,29.01453029095055
synth_u_8de9c1b2,healthy,İzmir,Konak,38.44224686394638,27.152757144308204
synth_u_8c113c55,loyal,İstanbul,Beyoğlu,41.05561083210974,29.006039607070974
synth_u_f036b4f3,budget,İzmir,Konak,38.40650827341471,27.148298540476194
synth_u_2848f41e,loyal,İstanbul,Bakırköy,40.989859746887326,28.892088056294543
synth_u_637bf33c,explorer,İstanbul,Kadıköy,40.979811233810516,29.061265369307105
synth_u_1a4c9b41,explorer,İstanbul,Kadıköy,40.98072458431188,28.995484644997738
synth_u_a0ab0e8b,loyal,İstanbul,Sarıyer,41.14828285015889,29.079885925714997
synth_u_0ab33751,healthy,İstanbul,Kadıköy,40.967446533155446,29.05361071577443
synth_u_b11d0ba7,budget,Ankara,Çankaya,39.88968191069127,32.86946010042791
synth_u_28ae24e5,healthy,İstanbul,Üsküdar,41.02622577966725,29.002143449437657
synth_u_2615a6cb,premium,İstanbul,Bakırköy,40.96327491635762,28.864338498015957
synth_u_49e0fe40,explorer,İstanbul,Şişli,41.082490180092194,29.018336422263406
synth_u_36cc3207,healthy,İzmir,Konak,38.44601602420838,27.09925849154068
synth_u_b8e5de62,loyal,İstanbul,Kadıköy,40.982638315403484,28.99682014166186
synth_u_84e3685f,loyal,İstanbul,Kadıköy,41.00884026781837,29.042275968104985
synth_u_61fe7af5,loyal,İstanbul,Maltepe,40.93746436176228,29.142311079264754
synth_u_b91706a2,loyal,İstanbul,Üsküdar,41.04642594615822,28.989098053646618
synth_u_10faf124,explorer,İstanbul,Bakırköy,40.95877556269054,28.85617423360088
synth_u_78ef67f8,loyal,İstanbul,Beşiktaş,41.05005610588568,28.99248498992632
synth_u_2fcea4d5,premium,Ankara,Çankaya,39.87911885911689,32.87226208119255
synth_u_bdc77516,explorer,İstanbul,Şişli,41.039344305983875,29.021495208086108
synth_u_a445e8c4,loyal,İstanbul,Beyoğlu,41.03199118480976,28.942062258943643
synth_u_7c23a269,explorer,İstanbul,Bakırköy,40.95842996137722,28.83858064483751
synth_u_0e0b7b50,loyal,İstanbul,Kadıköy,40.970661919961195,29.01396893384865
synth_u_2f50412c,premium,İstanbul,Beşiktaş,41.02926106698502,28.980932662656638
synth_u_dced9d3a,loyal,İstanbul,Şişli,41.06582224379193,28.962336014001526
synth_u_a74adc8b,healthy,İzmir,Konak,38.43599847134813,27.1550145882541
synth_u_2cd53593,budget,Ankara,Çankaya,39.9186641349269,32.85657904736504
synth_u_e11a3010,loyal,İstanbul,Maltepe,40.92329490322132,29.15086244567932
synth_u_4a7e40b5,loyal,İstanbul,Kadıköy,40.98921567681546,29.006185710626376
synth_u_3f613c1f,premium,İstanbul,Maltepe,40.95597151545205,29.11047440890377
synth_u_f0273083,budget,İstanbul,Beşiktaş,41.062494753623255,29.042861420440488
synth_u_994ab95c,budget,İstanbul,Beyoğlu,41.045603682073526,29.001827229760295
synth_u_6b166274,budget,İstanbul,Kadıköy,41.01622706005526,29.004681492661085
synth_u_3b5474ae,loyal,İstanbul,Üsküdar,41.014358762793506,29.03582172111416
synth_u_944baad2,explorer,İstanbul,Beyoğlu,41.02969434774836,28.982688404119116
synth_u_46b86123,loyal,İstanbul,Şişli,41.06037677559819,29.00907280138412
synth_u_e4607d93,premium,İstanbul,Bakırköy,40.986623162401784,28.862078558847326
synth_u_494fa533,budget,Ankara,Çankaya,39.91005704918629,32.8743127670944
synth_u_86fca4a9,loyal,İstanbul,Beşiktaş,41.03249106282209,29.002834622111667
synth_u_27a1fbb5,loyal,İstanbul,Beyoğlu,41.0192427077292,28.989019069201536
synth_u_ac13966d,loyal,Ankara,Çankaya,39.90964404951088,32.84877433667123
synth_u_04d0d950,loyal,İstanbul,Beşiktaş,41.027134199182846,29.029880015892207
synth_u_1a14a835,budget,İstanbul,Beyoğlu,41.03277350266512,28.956683450178772
synth_u_8b66e067,budget,İzmir,Konak,38.43195467275352,27.139659397889716
synth_u_d74b6ff0,premium,İstanbul,Üsküdar,41.01379125704918,29.038114087553843
synth_u_3076fa64,explorer,İstanbul,Beşiktaş,41.026536753120354,28.9753160988892
synth_u_7ca391c5,loyal,İstanbul,Üsküdar,41.037212937243254,29.01210570199328
synth_u_c282d4a2,budget,İstanbul,Bakırköy,40.97112856580502,28.864615367781763
synth_u_2281bc65,budget,İstanbul,Kadıköy,41.00436564738478,29.047038636534516
synth_u_5829e1e8,explorer,İstanbul,Beşiktaş,41.05923837060395,29.02344077812653
synth_u_06c2864f,budget,İstanbul,Beşiktaş,41.06162899174874,29.00627966767585
synth_u_89787dad,explorer,İzmir,Konak,38.424359584782124,27.159749039997322
synth_u_f79145ca,explorer,İstanbul,Bakırköy,40.9776582791797,28.895468018592442
synth_u_2c6eaf18,explorer,İstanbul,Kadıköy,41.01034026539369,29.024124379022783
synth_u_1a0015a6,loyal,İstanbul,Beşiktaş,41.057809450558594,29.008296085422895
synth_u_9d3bd526,loyal,İstanbul,Kadıköy,40.9792177378845,29.011351987114608
synth_u_5df1029b,loyal,İstanbul,Kadıköy,40.97192598151422,29.01932388486584
synth_u_7c08d2d8,budget,İstanbul,Kadıköy,40.98580537133333,29.03075148301806
synth_u_84a3d5c6,loyal,İstanbul,Sarıyer,41.16082577365768,29.066172507763678
synth_u_44982f4e,explorer,Ankara,Çankaya,39.90749137009784,32.86117792354974
synth_u_3e8a3e78,healthy,İstanbul,Şişli,41.08046981307938,29.011167333760874
synth_u_1ad7c636,loyal,İstanbul,Beyoğlu,41.04148122102385,28.95717341998592
synth_u_a104f80a,explorer,İstanbul,Beyoğlu,41.029892281256544,28.989301715003045
synth_u_2985cb85,budget,İstanbul,Sarıyer,41.189477925441565,29.0813179250281
synth_u_dbd5cb6b,loyal,İstanbul,Şişli,41.06278064773107,28.953199431250553
synth_u_9788c11e,loyal,İstanbul,Sarıyer,41.14959616359532,29.029578182064142
synth_u_f490fdf6,loyal,İstanbul,Beşiktaş,41.05692052475103,29.000737110919548
synth_u_71b6e243,loyal,İstanbul,Kadıköy,40.96482071821892,29.030522889833534
synth_u_5902b9d3,healthy,İstanbul,Kadıköy,41.01551814069062,28.994776814434047
synth_u_256cd0f7,premium,İstanbul,Beşiktaş,41.01687459553083,28.98448663110924
synth_u_a18469c7,budget,İstanbul,Kadıköy,41.01500308228198,29.02519600211365
synth_u_422712a7,premium,İstanbul,Kadıköy,40.99659716183194,29.045454533385804
synth_u_4f4e4ca5,premium,İstanbul,Kadıköy,40.98058588754587,29.03333479696139
synth_u_ef1fba0c,loyal,Ankara,Çankaya,39.89665983564461,32.89390733023241
synth_u_4e913568,premium,İstanbul,Bakırköy,40.98427796732979,28.843297017364712
synth_u_4385bef6,explorer,İstanbul,Üsküdar,41.00221649000364,29.049965998669258
synth_u_8e0506f6,premium,İstanbul,Şişli,41.05230383114692,28.987527310286893
synth_u_0040866b,premium,İstanbul,Şişli,41.058770362431915,28.98233450146878
synth_u_360ef938,loyal,İstanbul,Maltepe,40.947105872632754,29.125683925733746
synth_u_27bd1f7f,loyal,İstanbul,Üsküdar,41.02896553265155,29.045364348359655
synth_u_5e70a6af,loyal,İstanbul,Maltepe,40.9408986280575,29.1175853985174
synth_u_1e828c7a,explorer,İstanbul,Kadıköy,41.0114287126488,29.009357464306962
synth_u_8a48b9e7,premium,İstanbul,Üsküdar,41.013856574048184,29.014892078036137
synth_u_a4e48157,premium,İstanbul,Beşiktaş,41.058899046315034,28.997957263276074
synth_u_c14b5012,loyal,İstanbul,Beşiktaş,41.01632168186155,29.041512144337155
synth_u_ddfcff39,explorer,İstanbul,Şişli,41.06228249792334,28.968484638719875
synth_u_536dceb7,explorer,İstanbul,Beyoğlu,41.05173420908823,28.94803764560228
synth_u_256b1686,loyal,İstanbul,Beşiktaş,41.0516627038701,29.000012842039933
synth_u_78973494,loyal,İstanbul,Şişli,41.07259380738993,28.974969959643467
synth_u_d6d06e4d,loyal,İstanbul,Beşiktaş,41.02823448871884,29.0252592007892
synth_u_271443e2,healthy,İstanbul,Beyoğlu,41.05007241132346,28.954637406378637
synth_u_31c248de,loyal,İstanbul,Beşiktaş,41.04764253545734,29.028048809135864
synth_u_12208cae,explorer,İstanbul,Kadıköy,40.97426581503195,29.008184434611813
synth_u_a5c922a0,budget,İstanbul,Bakırköy,40.95721529512692,28.839259933277607
synth_u_e64f75cf,explorer,İstanbul,Bakırköy,40.95719889151127,28.898181003633102
synth_u_eec14188,healthy,İstanbul,Kadıköy,40.97914266633174,29.026175674901083
synth_u_9a1a164d,healthy,İstanbul,Kadıköy,41.01464127550098,29.026105135228637
synth_u_93448ff3,loyal,İstanbul,Kadıköy,40.99779706524065,28.99573290611081
synth_u_0a606f5b,explorer,Ankara,Çankaya,39.880977346399796,32.845056786436814
synth_u_3e25db08,loyal,İstanbul,Üsküdar,41.03841572053208,28.9956463049394
synth_u_c54c61e7,loyal,Ankara,Çankaya,39.892446115271206,32.869037744332616
synth_u_9bda390c,loyal,İstanbul,Üsküdar,41.02862599525649,29.03250167966904
synth_u_1172ec90,budget,İstanbul,Beşiktaş,41.020161484619834,28.990756427927824
synth_u_388639c2,explorer,İstanbul,Kadıköy,40.98812452457393,29.034418038180302
synth_u_dc42c4ae,loyal,İstanbul,Beşiktaş,41.03105504719526,29.03517261265315
synth_u_be157b96,loyal,Ankara,Çankaya,39.91895827171063,32.87161195880296
synth_u_e1a68dfe,healthy,İstanbul,Beşiktaş,41.02197709743032,28.989677400765935
synth_u_52a241dd,loyal,İstanbul,Maltepe,40.912732964154365,29.106395846078993
synth_u_1161ca35,loyal,İstanbul,Maltepe,40.958667163727974,29.125946259961662
synth_u_e389d981,explorer,İstanbul,Bakırköy,41.00132844544563,28.871833806833273
synth_u_505675c5,healthy,İstanbul,Üsküdar,41.0437498859077,29.03210365317289
synth_u_34ae35d1,loyal,İstanbul,Kadıköy,41.0157681676861,29.051758778830685
synth_u_27443d12,budget,İstanbul,Kadıköy,41.00511137189361,29.0507177240025
synth_u_5109aab5,budget,İstanbul,Bakırköy,40.975805449905494,28.88264774304836
synth_u_e8dde896,loyal,İstanbul,Üsküdar,41.02998566051103,29.01470717850826
synth_u_987c210e,budget,İstanbul,Şişli,41.04962747329495,28.9587550078246
synth_u_bbbf52ca,explorer,İstanbul,Bakırköy,40.96595231326278,28.903674868973706
synth_u_057a1642,budget,İstanbul,Kadıköy,40.977416154104986,29.00019525131272
synth_u_7f07cc44,budget,İstanbul,Maltepe,40.90893519283503,29.156729271179614
synth_u_debd808f,explorer,İstanbul,Beşiktaş,41.0353286140082,29.027778994331914
synth_u_8eeea866,loyal,İstanbul,Kadıköy,40.97820844531205,29.001275997909644
synth_u_c541c22d,premium,İstanbul,Bakırköy,40.95693654504663,28.90567626148942
synth_u_11682f6c,loyal,İstanbul,Bakırköy,40.967170277750995,28.836980171439773
synth_u_c3ceb33c,loyal,İzmir,Konak,38.44152053397212,27.126040221053508
synth_u_8afee4f8,loyal,İstanbul,Kadıköy,41.01418665188833,29.012794721550364
synth_u_98c5c04c,explorer,İstanbul,Sarıyer,41.19275916932992,29.028398766470442
synth_u_cb88a91e,budget,İstanbul,Beşiktaş,41.04817176209053,29.027051511557282
synth_u_ef3f6770,loyal,İstanbul,Beşiktaş,41.058476009838,29.0033040185292
synth_u_b067c36a,explorer,İstanbul,Kadıköy,41.00301897203316,29.051867436840705
synth_u_2daca201,loyal,İstanbul,Beyoğlu,41.01690515775042,28.9799647370519
synth_u_822926bf,budget,İstanbul,Maltepe,40.92926270563318,29.161271783204057
synth_u_f430dd14,loyal,İstanbul,Beşiktaş,41.03647409994214,29.034915052222228
synth_u_46cef8ad,budget,İstanbul,Bakırköy,40.98849339897433,28.89409618600539
synth_u_5d98c8a9,explorer,İstanbul,Maltepe,40.94411724331895,29.105407167727495
synth_u_5e2bf8e7,healthy,İzmir,Konak,38.41011863264494,27.101128436922128
synth_u_fe2da698,loyal,Ankara,Çankaya,39.877202572860284,32.83772613319323
synth_u_edc0a5bc,loyal,İstanbul,Kadıköy,41.00601758331206,29.010872733952304
synth_u_2c649053,loyal,İstanbul,Üsküdar,41.041714340127065,29.040544201500506
synth_u_7120b2ea,healthy,İstanbul,Beşiktaş,41.05462256352557,29.027991037850096
synth_u_0448b675,premium,İstanbul,Kadıköy,40.99788978469485,29.05784371315921
synth_u_3309bb0b,loyal,İstanbul,Şişli,41.03759422304774,28.996687961693606
synth_u_e100575d,budget,İstanbul,Bakırköy,40.99920670605679,28.839293961389263
synth_u_e6f9f3dd,premium,İstanbul,Şişli,41.040141610578345,28.989334215443087
synth_u_0e834672,explorer,İstanbul,Beşiktaş,41.02523618135475,29.01724715403313
synth_u_92a4dc89,explorer,İstanbul,Beşiktaş,41.06511508194722,28.983822645739654
synth_u_2a1b97b5,loyal,İstanbul,Şişli,41.06831841714954,29.015696499517485
synth_u_b8a99cd5,loyal,İstanbul,Üsküdar,41.004212195787666,29.011125113514865
synth_u_e5e77a23,premium,İstanbul,Beşiktaş,41.06777454447694,29.02303955680421
synth_u_23fb82b4,healthy,İstanbul,Beşiktaş,41.036567202646886,29.00819654049744
synth_u_b08140fb,budget,İstanbul,Şişli,41.0482660751468,29.00138569120326
synth_u_4511b919,loyal,İstanbul,Üsküdar,41.0105097502799,29.02002361660707
synth_u_e8412778,loyal,İzmir,Konak,38.44139551101182,27.145614866774213
synth_u_f611385b,budget,İstanbul,Beşiktaş,41.0591206463538,28.989261369256067
synth_u_438ee09d,premium,İstanbul,Üsküdar,41.034642074414634,29.026704880614016
synth_u_608a473b,premium,Ankara,Çankaya,39.91131030318327,32.84933684323469
synth_u_571e385a,budget,İstanbul,Şişli,41.039376313860565,29.016464931071813
synth_u_ba2645aa,budget,İstanbul,Kadıköy,40.97091674582415,29.03052208140638
synth_u_79474495,loyal,Ankara,Çankaya,39.92126338484148,32.8456753899788
synth_u_7ba8c74c,loyal,İstanbul,Beşiktaş,41.06282145726081,29.031204006128334
synth_u_7b62586b,premium,İstanbul,Kadıköy,41.01601622753853,29.053490506955594
synth_u_3c7250e5,budget,İstanbul,Şişli,41.07798889090362,28.991208561539935
synth_u_ac86f5d4,loyal,İstanbul,Kadıköy,40.99277688152806,29.02446212213713
synth_u_b752c04f,loyal,İstanbul,Beşiktaş,41.03636894590662,29.01932967122472
synth_u_0442b33f,budget,İstanbul,Beşiktaş,41.01712565673765,29.03693768205798
synth_u_59748d4d,loyal,İstanbul,Üsküdar,41.030681209764296,29.02500128550281
synth_u_bfe52a5b,loyal,İstanbul,Beşiktaş,41.037843019232184,28.983583220956948
synth_u_3e7fb83f,explorer,İstanbul,Beyoğlu,41.0141265945201,29.004951532576854
synth_u_90b4fb6f,budget,İstanbul,Şişli,41.08359085234659,29.00118532013118
synth_u_500c1ee2,budget,İstanbul,Bakırköy,40.95872556229243,28.865705921145558
synth_u_3d740f84,loyal,İstanbul,Üsküdar,41.04643259814669,28.999519040716763
synth_u_8bbee39a,budget,İstanbul,Şişli,41.083654333505486,29.0125811077568
synth_u_60f145aa,loyal,İstanbul,Şişli,41.08101330877971,28.997482179036375
synth_u_8aaa68a8,loyal,İstanbul,Beşiktaş,41.02237620103175,29.034343149766073
synth_u_818b6d58,budget,İstanbul,Beşiktaş,41.05034015775836,29.043162731331755
synth_u_4186992a,budget,İstanbul,Beşiktaş,41.02257966947611,29.01402823138153
synth_u_20367cf6,premium,İstanbul,Beyoğlu,41.04056935586927,28.99963380549553
synth_u_54f96a29,budget,İstanbul,Kadıköy,41.01245032625037,28.992096895884437
synth_u_f9e07988,explorer,İstanbul,Beyoğlu,41.05203588235447,28.94924678770653
synth_u_fb1b245b,loyal,İstanbul,Şişli,41.07489089375426,28.99346958686171
synth_u_81f64ce8,explorer,İstanbul,Kadıköy,41.00386584091644,29.02956804531607
synth_u_55456d19,loyal,İstanbul,Şişli,41.05184264723338,28.993814622581148
synth_u_c3806c3c,loyal,Ankara,Çankaya,39.87871702902157,32.8827570157646
synth_u_4a45eb29,healthy,İstanbul,Şişli,41.084382496384976,28.955616953074074
synth_u_32c58c4d,explorer,İstanbul,Şişli,41.038108747550226,29.00232638303342
synth_u_35b72d03,premium,İstanbul,Kadıköy,40.996653914791,28.996597493148645
synth_u_81a74938,budget,İstanbul,Üsküdar,41.03416771872575,29.006767156867394
synth_u_88cccfdf,budget,İstanbul,Şişli,41.064998745488396,28.95836636304735
synth_u_843637e3,explorer,İstanbul,Üsküdar,41.043116552057526,29.01897801536481
synth_u_5fc72cde,explorer,Ankara,Çankaya,39.89874127411767,32.885870931525965
synth_u_cf7e28aa,explorer,İstanbul,Kadıköy,40.98684129763573,29.039523758630235
synth_u_f14e6040,loyal,İstanbul,Bakırköy,40.97600907489671,28.84253260244676
synth_u_6b0a049a,budget,İstanbul,Kadıköy,41.0037078918102,29.05002652466766
synth_u_2289a559,loyal,İzmir,Konak,38.42253423684161,27.1404295201527
synth_u_175aa29c,loyal,İstanbul,Üsküdar,41.036228878391974,29.041672700028247
synth_u_84ef0c05,budget,İstanbul,Beşiktaş,41.03266210265339,28.980990495449657
synth_u_687bf555,loyal,İstanbul,Üsküdar,41.00779431724906,28.987230020453413
synth_u_8c75d059,healthy,İstanbul,Maltepe,40.939905405639536,29.15228254387576
synth_u_6f5a7d06,healthy,İstanbul,Maltepe,40.94203909624515,29.140510522198237
synth_u_bf76767c,healthy,İstanbul,Üsküdar,41.033157902046256,28.981550906211123
synth_u_583717aa,explorer,İstanbul,Beşiktaş,41.03414187333931,28.974003153745528
synth_u_d56e4de2,loyal,İstanbul,Şişli,41.039941873197364,28.996646683244435
synth_u_2593d6ac,healthy,İstanbul,Beyoğlu,41.0292078057137,28.97387819385646
synth_u_6779f7d0,explorer,İstanbul,Bakırköy,40.992364087565775,28.876639548576254
synth_u_a1a93d6d,healthy,İstanbul,Kadıköy,41.00455329076351,28.995457443424684
synth_u_d28b40f4,healthy,İstanbul,Üsküdar,41.021924957021135,29.01114763955491
synth_u_41d14a36,premium,İstanbul,Beyoğlu,41.02753096516113,28.94931582801254
synth_u_1e1e5483,loyal,İstanbul,Beyoğlu,41.044934192364124,28.944623985446622
synth_u_3a9e60fa,explorer,İstanbul,Kadıköy,40.97482287158669,29.059590695100777
synth_u_72a317ce,premium,İstanbul,Beşiktaş,41.02225861317327,29.00921260942304
synth_u_e13cb36a,loyal,İstanbul,Şişli,41.07030925748015,28.98711880680049
synth_u_adf730be,loyal,İstanbul,Kadıköy,41.0103548303796,28.99492319891628
synth_u_41fcf00e,explorer,İstanbul,Kadıköy,40.980695169225804,29.022635883036422
synth_u_39d5481c,healthy,İstanbul,Şişli,41.03849856068453,28.9527517118843
synth_u_949bad54,budget,Ankara,Çankaya,39.90124307577804,32.87616048693333
synth_u_796736d3,explorer,İstanbul,Sarıyer,41.15292521485529,29.05318134433259
synth_u_c543f6b6,loyal,İstanbul,Sarıyer,41.180086747376464,29.02680766504078
synth_u_57e79a82,budget,İstanbul,Üsküdar,41.02435431463636,28.99336911731428
synth_u_ebdc962a,healthy,İzmir,Konak,38.42706178249565,27.104393489709892
synth_u_a66c4221,loyal,İstanbul,Beşiktaş,41.048335080285035,29.028049339498054
synth_u_19c383f9,explorer,İzmir,Konak,38.42611614984423,27.12621305752533
synth_u_13d7da37,premium,İstanbul,Şişli,41.082227257210036,28.991723213359464
synth_u_e94c82e8,budget,İstanbul,Beşiktaş,41.06825800347071,28.99622287999279
synth_u_b6a16951,budget,İstanbul,Şişli,41.04864164514265,28.970947063055927
synth_u_1d55c671,budget,İstanbul,Kadıköy,40.9887320262944,28.994586977885845
synth_u_3c5a95d2,explorer,İstanbul,Kadıköy,41.010489191022984,29.053143385851858
synth_u_92877ce8,loyal,İstanbul,Şişli,41.06364213013033,29.01966242765619
synth_u_fa2b60e8,premium,İstanbul,Şişli,41.07604680636205,28.997984750145825
synth_u_949391dd,premium,İstanbul,Beyoğlu,41.060641749127925,28.973654418210923
synth_u_541a3d96,premium,İstanbul,Kadıköy,40.99869876168344,28.994696894262656
synth_u_b74a90bb,healthy,İstanbul,Şişli,41.06052962352787,28.962636587655325
synth_u_470a138b,explorer,İstanbul,Şişli,41.0741359345175,28.99992461560262
synth_u_54a70f34,explorer,İstanbul,Üsküdar,40.99923577590701,28.986247565596603
synth_u_157a2d7f,budget,İstanbul,Beşiktaş,41.06180358162078,29.042683747876794
synth_u_77bfde6a,budget,İstanbul,Şişli,41.06377240619386,28.961395127010956
synth_u_5f92dcfc,budget,İstanbul,Üsküdar,41.03146406253671,28.988715497607192
synth_u_6cb37482,budget,İstanbul,Beşiktaş,41.036134016543585,29.030303086651507
synth_u_0e4ad535,premium,İstanbul,Maltepe,40.948806739034026,29.143566919073088
synth_u_a63b7125,loyal,İstanbul,Üsküdar,41.023158837103935,28.980782660935226
synth_u_ef7f9241,explorer,İstanbul,Beşiktaş,41.06699828473159,29.008416052238196
synth_u_0952594a,loyal,İstanbul,Kadıköy,40.97976173522457,29.04833295670387
synth_u_64dd58ce,explorer,İstanbul,Sarıyer,41.18753957651311,29.01360826309377
synth_u_c6d084ee,loyal,İstanbul,Üsküdar,41.02795656438225,28.990528245863736
synth_u_a4ff204b,explorer,İstanbul,Maltepe,40.95260506592645,29.106368396751897
synth_u_3113e280,explorer,İstanbul,Şişli,41.071169495880575,29.02076333182585
synth_u_80178829,loyal,İstanbul,Bakırköy,40.974639349353154,28.87423512280376
synth_u_296bf9f0,explorer,İstanbul,Maltepe,40.95773645071013,29.108406006082088
synth_u_c6ccedab,loyal,İzmir,Konak,38.417128647483295,27.113644040318434
synth_u_354fd2af,loyal,İstanbul,Şişli,41.04103287422951,28.965572273728426
synth_u_2a6a5548,premium,İstanbul,Beşiktaş,41.05043129925429,29.03621254345787
synth_u_0746e2d7,explorer,İstanbul,Bakırköy,40.97825996689473,28.844927761797003
synth_u_504bdc9e,loyal,İstanbul,Beşiktaş,41.064708443728556,28.984125872185814
synth_u_25581506,explorer,Ankara,Çankaya,39.92051909491111,32.88990215680907
synth_u_f87de70a,budget,İstanbul,Şişli,41.05248710744211,28.978939606597194
synth_u_fbfaf35a,loyal,İstanbul,Kadıköy,41.01408788674324,29.051989203939087
synth_u_0e543736,budget,İstanbul,Kadıköy,40.96584341573605,29.057590712016122
synth_u_5a0720be,loyal,İstanbul,Kadıköy,41.00191006352914,29.02401923183839
synth_u_c728b570,loyal,İstanbul,Kadıköy,40.97542998618748,29.002601283602186
synth_u_4fbec6b6,explorer,İstanbul,Şişli,41.07422825041272,28.96829225201755
synth_u_5c52851b,explorer,İstanbul,Şişli,41.07518643830483,28.984025609898755
synth_u_0c1f75ec,budget,İstanbul,Beyoğlu,41.037848853206164,28.98665607191695
synth_u_f5b435b4,budget,İstanbul,Kadıköy,40.98697507530288,29.0359217816282
synth_u_ac291dab,healthy,İstanbul,Beşiktaş,41.051892697455116,29.01108311200993
synth_u_a61952a6,explorer,İstanbul,Beyoğlu,41.036296091707015,29.012194503249848
synth_u_9a0a8327,loyal,İstanbul,Sarıyer,41.14212618514415,29.0386775877838
synth_u_dcfa67c7,budget,İstanbul,Kadıköy,41.00639567655565,29.01658594506138
synth_u_ef1da9d4,loyal,İstanbul,Kadıköy,40.99522720657071,29.046081375759243
synth_u_962295f2,explorer,İstanbul,Beyoğlu,41.05284642516519,28.953916441731355
synth_u_7e0aca91,loyal,İstanbul,Bakırköy,40.98452085663559,28.89410254240492
synth_u_6b9aa3c6,loyal,Ankara,Çankaya,39.878372096767556,32.8417732146131
synth_u_9bbfaa93,healthy,İstanbul,Beşiktaş,41.0325338315101,29.002105831783417
synth_u_dd6e1659,premium,İstanbul,Kadıköy,40.99874056750274,29.01238290305646
synth_u_b8ff5d19,budget,İstanbul,Şişli,41.039001351797,28.977638709207497
synth_u_d5770142,explorer,Ankara,Çankaya,39.89727269017625,32.89617997145193
synth_u_b47ee24a,loyal,İstanbul,Şişli,41.07536977731766,28.970376939499147
synth_u_10dba588,loyal,İstanbul,Kadıköy,40.99633801615298,29.05078360980027
synth_u_1835e1bd,loyal,İstanbul,Kadıköy,40.98149837326171,29.01306530079261
synth_u_2074bee0,explorer,İstanbul,Şişli,41.06955755721327,28.976457869612773
synth_u_74e8ee83,budget,Ankara,Çankaya,39.909608188226954,32.85821571458979
synth_u_f00d5827,budget,Ankara,Çankaya,39.88042925216152,32.87248954204689
synth_u_1b6cb6b7,loyal,İstanbul,Bakırköy,40.95902090413989,28.83823070933091
synth_u_44bec4ff,healthy,İstanbul,Şişli,41.03909621752985,28.96817433815907
synth_u_668c5c44,budget,İstanbul,Şişli,41.0629348454986,28.994633918138643
synth_u_3dcc2fdf,explorer,İstanbul,Şişli,41.05626969130679,28.956768245553143
synth_u_3cb92064,budget,İstanbul,Şişli,41.06738436414627,28.969150445973224
synth_u_938fe015,explorer,İstanbul,Beşiktaş,41.043759204011266,29.03903812934815
synth_u_d0b4d960,loyal,İstanbul,Beşiktaş,41.03989584391382,29.044973933008468
synth_u_3e9006b8,explorer,İzmir,Konak,38.40299342383735,27.103568250003814
synth_u_9d13faff,budget,Ankara,Çankaya,39.90043303744554,32.83375451071107
synth_u_6f024726,loyal,İzmir,Konak,38.42827242110751,27.143156574119832
synth_u_deeb3463,loyal,Ankara,Çankaya,39.92239254328395,32.87772469887316
synth_u_f1b99f3d,loyal,İstanbul,Maltepe,40.93637328352293,29.103207430192665
synth_u_f49eaf1f,loyal,İstanbul,Beşiktaş,41.042476861483614,28.999430609324698
synth_u_5146dc0f,premium,İstanbul,Maltepe,40.93869172615818,29.13831021681498
synth_u_608a7e91,budget,İstanbul,Şişli,41.07102614046,28.985570568750653
synth_u_57fac2ff,explorer,İstanbul,Maltepe,40.9128594979952,29.164100084073166
synth_u_37bba35d,loyal,İstanbul,Beyoğlu,41.03683837901729,28.95056594904125
synth_u_23787aab,explorer,İstanbul,Beşiktaş,41.06800349264509,29.00457082787652
synth_u_f81d5dc8,explorer,İstanbul,Beyoğlu,41.02531213744905,28.95297608923183
synth_u_e8365fc3,loyal,Ankara,Çankaya,39.904421502346175,32.847583402226455
synth_u_98996c45,explorer,İstanbul,Üsküdar,41.025448184620714,28.988444574263085
synth_u_973a2759,explorer,İstanbul,Kadıköy,40.99842094201616,29.034274616602264
synth_u_151f2ebc,budget,İstanbul,Üsküdar,41.03462609559121,29.022832887856634
synth_u_f316f433,budget,İstanbul,Sarıyer,41.144163397561805,29.079007611469834
synth_u_e4ab3d43,loyal,İstanbul,Beşiktaş,41.04669930824033,29.017864698954323
synth_u_52393854,explorer,İstanbul,Üsküdar,41.01133090036765,29.048017617007204
synth_u_1871c6fe,budget,İstanbul,Maltepe,40.93082392036457,29.12697595346063
synth_u_70bbe7fa,explorer,İstanbul,Şişli,41.058448709735536,28.965882339616197
synth_u_d3477386,premium,İstanbul,Sarıyer,41.15703331852145,29.081842196668784
synth_u_5f570976,budget,İstanbul,Kadıköy,40.983802172867584,29.03211498715299
synth_u_4864e160,loyal,İstanbul,Kadıköy,40.98807546010787,29.001982411002853
synth_u_41731020,loyal,İstanbul,Şişli,41.06553661860346,28.969054287177237
synth_u_19cd549c,budget,Ankara,Çankaya,39.91535288804444,32.84094478909364
synth_u_67c091da,loyal,İstanbul,Beyoğlu,41.03583295721068,28.963479748653157
synth_u_0eaa089b,explorer,İstanbul,Şişli,41.05698814282107,28.968513650717377
synth_u_1a12011d,healthy,İstanbul,Kadıköy,40.99052401100136,29.05508022041831
synth_u_32c3fd87,explorer,İstanbul,Beşiktaş,41.01621499491607,28.981269754573212
synth_u_ca98678c,explorer,İstanbul,Bakırköy,40.99166252779254,28.86220141209829
synth_u_780b91cb,budget,İstanbul,Beyoğlu,41.02846885275374,28.96205090800373
synth_u_181af36f,explorer,İstanbul,Maltepe,40.92399300960129,29.165295800407034
synth_u_b668d649,explorer,İstanbul,Kadıköy,40.96899899924458,29.018619437527576
synth_u_76c8c899,healthy,İstanbul,Şişli,41.040071208614535,28.994445247094546
synth_u_bc11d304,explorer,İstanbul,Kadıköy,40.971180344517165,29.015743656041614
synth_u_7799c911,healthy,İstanbul,Kadıköy,41.01205036173395,29.001903877396845
synth_u_9404fbd5,healthy,İstanbul,Şişli,41.06559732364711,29.011660055932616
synth_u_30734621,loyal,İstanbul,Maltepe,40.937648098912206,29.145235913918924
synth_u_7f03d934,loyal,İstanbul,Kadıköy,40.98167781586913,28.999742875374626
synth_u_bcc21635,loyal,İstanbul,Maltepe,40.94807968716496,29.143755046429934
synth_u_6cd15cc7,loyal,İstanbul,Beşiktaş,41.051210322820374,29.043231788024126
synth_u_f93d2ca1,loyal,İstanbul,Bakırköy,40.981914771732306,28.848209395180024
synth_u_5af8305d,budget,İstanbul,Maltepe,40.929423801962976,29.153315760325626
synth_u_832ee267,loyal,Ankara,Çankaya,39.88231327142344,32.82890289740497
synth_u_95882eea,loyal,İstanbul,Şişli,41.043294145010925,28.987230434569824
synth_u_3abf782d,premium,İstanbul,Sarıyer,41.17954796060912,29.01536989599117
synth_u_5d12f8d4,loyal,İstanbul,Beyoğlu,41.06282556045435,28.975650035035617
synth_u_2e0a81d0,premium,İstanbul,Kadıköy,41.01307698167157,29.01640867049646
synth_u_b19893b1,loyal,İstanbul,Sarıyer,41.17657004808482,29.0686035699619
synth_u_2493e722,loyal,İstanbul,Beşiktaş,41.029098331650125,29.01356300536421
synth_u_52338006,budget,İzmir,Konak,38.43385806859933,27.142836483242743
synth_u_2b7141f5,budget,İstanbul,Beşiktaş,41.03462719860548,29.040482821294326
synth_u_f7874efb,premium,İstanbul,Kadıköy,41.00034714842068,29.019084620407646
synth_u_bdc3c61b,budget,İzmir,Konak,38.43566572075441,27.11424295251453
synth_u_565bc65c,premium,İstanbul,Kadıköy,41.01371943956161,29.038869521818008
synth_u_4f8f3ac8,loyal,İstanbul,Beşiktaş,41.044885293173444,29.040434341524527
synth_u_bb4a9c3c,loyal,İstanbul,Kadıköy,41.00382113387506,29.009029381498333
synth_u_d13c8c61,budget,İstanbul,Beyoğlu,41.04335646342749,28.945130899649214
synth_u_5d26e406,premium,İstanbul,Beyoğlu,41.045694161436835,28.951220391017017
synth_u_1a068978,healthy,İstanbul,Kadıköy,40.99906447555142,29.054959050986913
synth_u_05f8763f,explorer,İstanbul,Beşiktaş,41.06787643453465,28.996583289016936
synth_u_6439344f,explorer,İstanbul,Maltepe,40.94413236380643,29.111139610221162
synth_u_1b7b47db,budget,Ankara,Çankaya,39.9257367419281,32.8399040985138
synth_u_c1a16bed,loyal,İstanbul,Kadıköy,41.00897314584392,29.048321531401072
synth_u_701271fa,healthy,İzmir,Konak,38.442229172859264,27.154692187065194
synth_u_caa21c22,premium,İstanbul,Üsküdar,41.04585972140632,29.00348126149617
synth_u_afbfb75c,explorer,İstanbul,Beyoğlu,41.035570941640096,29.008627846362764
synth_u_da1559c2,budget,İstanbul,Beşiktaş,41.02186198708217,28.98521134088521
synth_u_1f88928f,budget,İstanbul,Bakırköy,40.951134280844244,28.860137593698305
synth_u_c6b5cc2e,loyal,İstanbul,Bakırköy,40.95985918453181,28.897299298957254
synth_u_989fa7db,healthy,İstanbul,Beyoğlu,41.013561501072886,28.989329106328206
synth_u_786e7eba,explorer,İstanbul,Beyoğlu,41.0594581290271,28.94185877081748
synth_u_9d0d3186,premium,İstanbul,Bakırköy,41.00194242284621,28.857619761859706
synth_u_b54af71c,loyal,İstanbul,Beşiktaş,41.03520822111141,28.99050110034814
synth_u_682b3568,premium,İstanbul,Beşiktaş,41.03768738448478,29.00958063935758
synth_u_a33c3f80,explorer,İstanbul,Bakırköy,40.98489790947024,28.903348532321083
synth_u_52b909da,loyal,İstanbul,Beşiktaş,41.02299290714577,28.9845441969107
synth_u_5e944f55,healthy,İstanbul,Şişli,41.07021571496517,29.016692112172407
synth_u_1b840b63,loyal,İstanbul,Maltepe,40.95005457405249,29.14320396612839
synth_u_237e8bff,loyal,İstanbul,Kadıköy,40.987921512297106,29.042292166818736
synth_u_c0c2ae09,healthy,İstanbul,Kadıköy,41.00857157048424,29.056551759530766
synth_u_5282ec3b,healthy,İstanbul,Kadıköy,40.98150906149958,29.02915670514219
synth_u_014bc5cc,explorer,İstanbul,Bakırköy,40.976796106315206,28.900359591932418
synth_u_4afc58b6,budget,İstanbul,Şişli,41.06001609963252,28.984003018435846
synth_u_edb3c5b3,explorer,İstanbul,Üsküdar,41.012330787245034,28.98103628560843
synth_u_c04495d6,loyal,İstanbul,Bakırköy,40.98163304135455,28.83924375946408
synth_u_585f58a4,loyal,İstanbul,Beyoğlu,41.01213003412524,29.005450233854358
synth_u_d2e8140c,budget,İstanbul,Şişli,41.07383903040992,29.00615635152515
synth_u_1bf985b9,budget,İstanbul,Şişli,41.08594089722059,28.9786753330507
synth_u_38cee312,budget,İstanbul,Bakırköy,40.98614554260138,28.874613811638586
synth_u_f4acbd7a,budget,İstanbul,Kadıköy,41.017440366274464,29.020041679542476
synth_u_48c6a119,loyal,İstanbul,Beşiktaş,41.01596071864567,28.975194974148256
synth_u_9c03355d,explorer,İstanbul,Bakırköy,40.97329881241802,28.863156463152542
synth_u_13ded9a4,loyal,İstanbul,Şişli,41.047172958259196,29.01845657472109
synth_u_28f6eabf,explorer,İstanbul,Kadıköy,40.99945933436769,29.03592991853849
synth_u_cf93763b,explorer,İstanbul,Kadıköy,40.99587806202591,29.02386452000873
synth_u_cefe926a,premium,İstanbul,Kadıköy,41.00380222045837,29.02070099413557
synth_u_d3cd4400,explorer,İstanbul,Bakırköy,40.99232235791701,28.84603450618182
synth_u_4be30013,loyal,Ankara,Çankaya,39.90751407219353,32.86825910566094
synth_u_f500ae38,loyal,İstanbul,Beşiktaş,41.06313828768507,29.0442092581784
synth_u_51c09f9c,budget,İstanbul,Beşiktaş,41.01906798038415,29.041544945554286
synth_u_86e18cb3,budget,İstanbul,Üsküdar,41.018764896340244,29.014986242539642
synth_u_f605786f,loyal,İstanbul,Üsküdar,41.03814889708003,29.002312866758114
synth_u_3808f4a7,loyal,İstanbul,Beşiktaş,41.02571237722958,29.012118276332334
synth_u_d9a84ca6,budget,İstanbul,Beşiktaş,41.05402036743178,29.031314635744423
synth_u_c527ed04,loyal,İzmir,Konak,38.42229658152428,27.10345540242562
synth_u_c316e210,premium,İstanbul,Şişli,41.03654705045378,28.983500375281963
synth_u_09bbe929,budget,İstanbul,Bakırköy,40.960669276671936,28.85522236377297
synth_u_5e54c128,loyal,İstanbul,Kadıköy,40.96770726099311,29.049516740312974
synth_u_8be41a29,loyal,İstanbul,Beyoğlu,41.03478617332275,29.00367700236268
synth_u_f0a480ec,healthy,Ankara,Çankaya,39.88782204173238,32.84095814861986
synth_u_56e67125,explorer,İzmir,Konak,38.4180605879104,27.110941041804956
synth_u_ab13d86a,explorer,İstanbul,Şişli,41.04520978156557,28.974312140356464
synth_u_0911210a,premium,İstanbul,Beyoğlu,41.02829240840819,28.96011317956867
synth_u_5390dd93,healthy,İstanbul,Beyoğlu,41.052268466044325,28.99313846135108
synth_u_9937ecaf,healthy,İstanbul,Şişli,41.054647576788035,28.99158220129849
synth_u_4a87a6ee,budget,İstanbul,Kadıköy,40.993681706137416,29.03371772001645
synth_u_52cab7c6,explorer,İstanbul,Kadıköy,40.981603528971775,29.019095046401294
synth_u_b1b81e74,loyal,İstanbul,Üsküdar,41.03269170877545,28.997913188992374
synth_u_9ab2425a,budget,İstanbul,Üsküdar,41.02219165311247,28.99152993437467
synth_u_04655804,explorer,İstanbul,Bakırköy,40.976768449797525,28.90164907066433
synth_u_64f9bf91,explorer,İzmir,Konak,38.42049429272454,27.152092943691958
synth_u_588fb834,healthy,İstanbul,Üsküdar,41.03698858613903,29.009023165121903
synth_u_9e3b49de,loyal,İstanbul,Bakırköy,40.950867106037336,28.872210464321277
synth_u_1533e175,explorer,İstanbul,Üsküdar,41.04615425519449,29.044872405538637
synth_u_6b5bb499,loyal,İstanbul,Kadıköy,40.99359154383304,28.992742510868606
synth_u_0268e95f,explorer,İstanbul,Beyoğlu,41.02436965062342,28.977358803906572
synth_u_869d3e54,loyal,İstanbul,Maltepe,40.95804991167561,29.102180932090516
synth_u_6e1dd5d6,loyal,İstanbul,Beşiktaş,41.04927464013038,28.991656088748496
synth_u_e4e534d0,loyal,İstanbul,Şişli,41.05243792343047,28.980363400216728
synth_u_7ba6ab12,budget,İstanbul,Bakırköy,40.966587818396754,28.895288516442736
synth_u_2b97672f,budget,İstanbul,Sarıyer,41.18083166757713,29.01761157148245
synth_u_f73345ec,explorer,İstanbul,Beyoğlu,41.04329178786787,28.99173616133903
synth_u_b7defc34,healthy,İstanbul,Şişli,41.07467169247514,28.991821054777642
synth_u_df738b5d,explorer,Ankara,Çankaya,39.88879278362708,32.89107488510211
synth_u_30110399,loyal,İstanbul,Beyoğlu,41.011389836256306,28.946697198850405
synth_u_eef6a0f5,premium,İstanbul,Beyoğlu,41.01065144757586,29.007925984837993
synth_u_ebb7e626,loyal,İstanbul,Beşiktaş,41.02356711142073,29.032383547140306
synth_u_8b123ecc,healthy,İstanbul,Beşiktaş,41.046257199979664,29.01418002206046
synth_u_e8cb6315,loyal,İstanbul,Beyoğlu,41.029621416977456,28.994380467388197
synth_u_2f9841e9,healthy,İstanbul,Beyoğlu,41.06153909878032,28.94521727489769
synth_u_2b29aa37,loyal,İstanbul,Kadıköy,40.996484796929764,29.035854154585742
synth_u_04786a56,premium,İstanbul,Maltepe,40.91047435994298,29.11408091823519
synth_u_68f614bb,explorer,İstanbul,Şişli,41.08314555918761,28.982214393356873
synth_u_34f8c26f,healthy,İstanbul,Şişli,41.07401175157485,28.97243139776093
synth_u_c002899b,loyal,İstanbul,Kadıköy,40.97210924129003,29.04285869407578
synth_u_995e094e,explorer,İstanbul,Şişli,41.05177028260076,28.957817382719544
synth_u_853e694a,healthy,İstanbul,Maltepe,40.914398995357466,29.100769968728496
synth_u_90fba0fa,explorer,İstanbul,Beyoğlu,41.030929414869355,28.94325127904187
synth_u_4ef49044,budget,İstanbul,Üsküdar,41.03807506617583,29.04135931806312
synth_u_08c1343a,budget,İstanbul,Şişli,41.03685132523938,29.015856182938197
synth_u_1ed19c60,explorer,İstanbul,Kadıköy,40.984353082350744,29.001836495436237
synth_u_76885ac3,budget,İstanbul,Kadıköy,40.972811210851845,29.01165610781314
synth_u_297c1060,explorer,İstanbul,Kadıköy,40.9773783642048,29.00955272457148
synth_u_42e1c685,healthy,İstanbul,Üsküdar,41.02042225042734,28.989183916226104
synth_u_02a2d5cc,loyal,İstanbul,Şişli,41.065796875020254,29.008898286340425
synth_u_9a920203,loyal,İstanbul,Şişli,41.07678839135891,28.997927357913337
synth_u_14b50813,healthy,İstanbul,Beşiktaş,41.0669772390279,28.98796036042844
synth_u_ccd89f9f,premium,İstanbul,Şişli,41.04952365755787,29.00393740543071
synth_u_6819fd70,explorer,İstanbul,Beyoğlu,41.021976989015165,28.96831795316593
synth_u_77d277c6,budget,Ankara,Çankaya,39.88717297560598,32.8978387643227
synth_u_2013162f,loyal,İstanbul,Beyoğlu,41.06038673575601,28.974449795912406
synth_u_0c41eb7e,loyal,İstanbul,Maltepe,40.95380712479515,29.09947210426443
synth_u_11769995,explorer,İstanbul,Kadıköy,40.98014230500058,29.009988959423193
synth_u_f3a6af84,explorer,İstanbul,Maltepe,40.91287108840985,29.165410994219783
synth_u_9fd876e1,explorer,İstanbul,Beyoğlu,41.058791662378724,29.003688459077594
synth_u_d1a15c84,loyal,İstanbul,Maltepe,40.9283069996225,29.15859923381222
synth_u_a4730966,healthy,Ankara,Çankaya,39.88228483379699,32.845059605916425
synth_u_ad2a6db7,healthy,İstanbul,Üsküdar,40.998067388839345,29.04994907954695
synth_u_55a99c51,budget,İzmir,Konak,38.41009711903145,27.149137512599548
synth_u_d54a7552,explorer,İstanbul,Beşiktaş,41.04337709408244,29.010747214947692
synth_u_ceddb106,loyal,İstanbul,Beşiktaş,41.03599565231379,29.006752781425778
synth_u_e27972dc,premium,İstanbul,Beyoğlu,41.02751985878916,28.943129508388207
synth_u_7d2fb9cb,budget,Ankara,Çankaya,39.88101377294163,32.886145632824736
synth_u_0db1968a,loyal,İstanbul,Beşiktaş,41.04038554785005,28.988391508781124
synth_u_303d98b3,healthy,İstanbul,Kadıköy,41.00279967260971,29.024294632752795
synth_u_c37d8e57,premium,İstanbul,Maltepe,40.91509379819993,29.155284801085415
synth_u_020dacc7,healthy,İstanbul,Maltepe,40.95913905116154,29.1475076917344
synth_u_3e58122b,budget,İstanbul,Kadıköy,40.994035078512965,29.060531576158105
synth_u_46df4d8c,budget,İstanbul,Üsküdar,41.005747941907224,29.026570640696367
synth_u_1a4e18c0,explorer,İstanbul,Üsküdar,41.006339158690935,29.021906080147502
synth_u_13a7b1cf,healthy,İstanbul,Beşiktaş,41.03081863948732,29.02400323314802
synth_u_87a62399,premium,İstanbul,Maltepe,40.93789400057138,29.12069711785574
synth_u_83ec86cd,loyal,İstanbul,Beşiktaş,41.06240197553823,29.01138630449124
synth_u_fa17abec,loyal,İstanbul,Şişli,41.053491567876456,28.959445509178064
synth_u_a1a112bc,explorer,İstanbul,Üsküdar,41.03965882455464,29.030058449125388
synth_u_6a06fd04,premium,İstanbul,Üsküdar,41.03200324766038,29.001915318129456
synth_u_d6d1e102,healthy,İstanbul,Beşiktaş,41.05325602928197,29.010175806301717
synth_u_6b5bdc4b,loyal,İstanbul,Beyoğlu,41.03173993416612,28.976244769395315
synth_u_0e2a3505,explorer,İstanbul,Üsküdar,41.04972159743584,29.0192343215949
synth_u_2f650eda,explorer,İstanbul,Beşiktaş,41.061285687250624,29.017957979765235
synth_u_ca02682d,healthy,İstanbul,Beyoğlu,41.01942045900726,28.96888328065148
synth_u_21968550,premium,İstanbul,Beyoğlu,41.045883603814055,28.971153961409264
synth_u_da7e3fc8,premium,İstanbul,Kadıköy,40.96544111922395,29.046394872486957
synth_u_e498b25f,explorer,İstanbul,Beşiktaş,41.031376773521146,29.029520336283916
synth_u_6365051a,explorer,İstanbul,Maltepe,40.93858790186692,29.102624170565463
synth_u_ef171fa2,loyal,İstanbul,Beyoğlu,41.06243479027058,28.980212886145093
synth_u_6d10c863,loyal,İstanbul,Şişli,41.04408605054108,28.981734574609167
synth_u_ba433028,premium,İstanbul,Bakırköy,40.9664653478434,28.907549678501155
synth_u_74a4c3c0,premium,İstanbul,Sarıyer,41.14447475708074,29.073029441672308
synth_u_63833351,healthy,İstanbul,Beşiktaş,41.05959474145078,29.015701407460565
synth_u_a9d0bf4c,healthy,İstanbul,Üsküdar,41.018817138446174,29.023621885590842
synth_u_4c148b3e,explorer,İstanbul,Maltepe,40.939687802421886,29.13260978086543
synth_u_2e63e8f1,budget,İstanbul,Beşiktaş,41.053829933067846,28.994301748933246
synth_u_341e3465,healthy,İstanbul,Beyoğlu,41.05753001559847,28.9997862954984
synth_u_6a4a6904,premium,İstanbul,Maltepe,40.958536146585395,29.16553875966973
synth_u_393fc8af,loyal,İstanbul,Sarıyer,41.15326904010477,29.061979067912013
synth_u_614a0de8,explorer,İstanbul,Üsküdar,41.02213020140085,29.02084730728471
synth_u_670eee96,loyal,İstanbul,Şişli,41.036354933693616,29.008218850388662
synth_u_23e73de2,healthy,İstanbul,Bakırköy,40.98792451976906,28.89881508499506
synth_u_829e9b36,budget,İstanbul,Beşiktaş,41.015906653250916,29.029046969979323
synth_u_5fa05097,loyal,İzmir,Konak,38.42648867813708,27.142311320531494
synth_u_978f64ef,budget,İstanbul,Şişli,41.08460424757167,29.010387307391706
synth_u_4bcee874,budget,İstanbul,Maltepe,40.92713000838761,29.13587636879234
synth_u_35c5d0c1,explorer,İstanbul,Maltepe,40.95720565719127,29.149065004963273
synth_u_f6d7646d,loyal,İstanbul,Maltepe,40.93371523041478,29.10341312470397
synth_u_d065a33c,budget,İstanbul,Kadıköy,41.01555847401643,29.00638231342267
synth_u_087c79b9,explorer,Ankara,Çankaya,39.89269002726359,32.88918298322224
synth_u_da7ae5c8,budget,İstanbul,Şişli,41.03672813679489,28.9988931199068
synth_u_a4fd77b4,explorer,İstanbul,Şişli,41.048786986207794,29.001397325405048
synth_u_e65f22ef,premium,İstanbul,Kadıköy,40.96891803664754,29.00717742300385
synth_u_4d7d77ef,explorer,İstanbul,Beşiktaş,41.05252879595252,28.974231143799816
synth_u_66b0f5b0,explorer,İstanbul,Kadıköy,41.01027785367125,29.04159501191238
synth_u_9f9a675b,premium,İstanbul,Şişli,41.07177369631157,28.958599252773702
synth_u_cf9dc931,explorer,İstanbul,Beşiktaş,41.03646059729113,29.031858728974566
synth_u_f727feb4,loyal,İstanbul,Üsküdar,40.999370897703926,29.019834625959177
synth_u_b81ff414,loyal,İstanbul,Şişli,41.07132335277645,28.996281655601607
synth_u_335163a3,budget,İstanbul,Üsküdar,41.01958561456428,28.99504142802483
synth_u_01e80435,budget,İstanbul,Kadıköy,41.00323292696735,29.017068121416113
synth_u_fffb6627,budget,İstanbul,Kadıköy,40.9787441976727,28.997927082216826
synth_u_1a47acc1,loyal,İstanbul,Bakırköy,40.965774097838185,28.903394614180797
synth_u_440e6243,loyal,İstanbul,Üsküdar,41.011978342355526,29.016571671847927
synth_u_88c7115f,loyal,İstanbul,Şişli,41.06720106889951,29.00744484514722
synth_u_48f86a64,explorer,İstanbul,Kadıköy,40.990777434663386,29.034426529470306
synth_u_a565373a,explorer,İstanbul,Kadıköy,40.983291794975194,29.0145571790487
synth_u_2c3940bc,explorer,İstanbul,Beyoğlu,41.028624997991784,28.99030987785383
synth_u_ce4d2146,explorer,İstanbul,Maltepe,40.90977510279842,29.099355752094517
synth_u_95f66e78,healthy,Ankara,Çankaya,39.92765297280795,32.85561101700896
synth_u_47747299,loyal,İstanbul,Beyoğlu,41.03132875645272,28.99166202683519
synth_u_3a066460,explorer,İstanbul,Beyoğlu,41.01712596993538,28.94735999585378
synth_u_a4068a38,budget,İstanbul,Beşiktaş,41.05945189626868,29.012008043032914
synth_u_8d4f97f7,explorer,İstanbul,Maltepe,40.943999434215094,29.14054310773833
synth_u_d6a8ad14,budget,İstanbul,Bakırköy,40.99612800622383,28.840147047169324
synth_u_6e52858d,premium,İstanbul,Kadıköy,40.996870096995714,28.995834563062765
synth_u_45d78d96,healthy,İstanbul,Bakırköy,40.95682935172476,28.886685221869897
synth_u_79ca5d4e,loyal,İstanbul,Beyoğlu,41.02761379068534,28.97843421248429
synth_u_e08c7c0f,healthy,İstanbul,Şişli,41.07280142616723,29.013872178266336
synth_u_8408acdf,explorer,İstanbul,Maltepe,40.91045979736069,29.152274420882293
synth_u_47468aa5,loyal,İstanbul,Beşiktaş,41.06847841015017,29.01854013564375
synth_u_55bf939e,explorer,İstanbul,Şişli,41.059278919230344,28.9918948564192
synth_u_86b9ee24,healthy,İstanbul,Maltepe,40.95721180649428,29.142758801326696
synth_u_6d5d329e,explorer,İstanbul,Beyoğlu,41.01125340039258,29.00320795314031
synth_u_d590e1bd,loyal,İstanbul,Şişli,41.082014948392434,28.964085717845013
synth_u_c1296220,budget,Ankara,Çankaya,39.916408963681434,32.85711852158594
synth_u_b38acf38,loyal,Ankara,Çankaya,39.893666764192666,32.88577071702834
synth_u_8aadd95d,loyal,İstanbul,Beyoğlu,41.05762654104099,28.954221376856804
synth_u_1314f4cd,loyal,İzmir,Konak,38.39589872636609,27.126291784710354
synth_u_bff4f1fc,loyal,İstanbul,Beşiktaş,41.02044246067207,29.006300046756653
synth_u_de65b1ee,loyal,İstanbul,Beyoğlu,41.02530050309557,28.985994105879556
synth_u_7c444e7a,loyal,İzmir,Konak,38.44610741168994,27.14773386706514
synth_u_5e7410e0,budget,İstanbul,Maltepe,40.922123074290624,29.094979964125688
synth_u_017bcf0b,loyal,İstanbul,Beyoğlu,41.04324820754124,28.99106366641123
synth_u_41b68814,loyal,İstanbul,Kadıköy,40.999302910820326,29.052693131662647
synth_u_ecf4f434,premium,İstanbul,Beşiktaş,41.06891436442675,29.003653290984637
synth_u_6afb6ea5,explorer,İstanbul,Kadıköy,40.97889866329022,28.99503763571472
synth_u_9b43a9c6,budget,İstanbul,Beyoğlu,41.04675658971344,28.96806260018193
synth_u_94a77e4e,loyal,İstanbul,Kadıköy,40.97098993785141,29.050613287921408
synth_u_d096be45,loyal,İstanbul,Kadıköy,40.999580752873186,29.001254160266235
synth_u_3a210639,loyal,İstanbul,Beşiktaş,41.05906036875673,29.023785779938017
synth_u_f63fe131,loyal,İstanbul,Şişli,41.04490060684532,29.018897042071202
synth_u_db53752b,loyal,İstanbul,Üsküdar,41.004073543314696,28.991253472566108
synth_u_3da1ad04,loyal,İstanbul,Kadıköy,40.98313986194256,29.04705944422307
synth_u_fc432784,loyal,İstanbul,Beşiktaş,41.02225478683002,28.98486167661436
synth_u_2de390eb,loyal,İstanbul,Bakırköy,40.98298391819143,28.851396121262972
synth_u_33465144,explorer,İstanbul,Bakırköy,41.00271891914467,28.864371333895313
synth_u_491a7fef,loyal,İstanbul,Beşiktaş,41.06932306056259,28.975793177544425
synth_u_f8ce997f,explorer,İstanbul,Beyoğlu,41.03860923740552,28.948157458141246
synth_u_184853f5,explorer,İstanbul,Kadıköy,40.964419293144296,29.0513587321647
synth_u_a0fde117,budget,İstanbul,Maltepe,40.92899404020627,29.139623152124294
synth_u_8ac24aa5,loyal,İstanbul,Üsküdar,41.04526370710873,28.98484910441266
synth_u_7624a3ba,budget,İstanbul,Üsküdar,41.039418846772485,28.98606649148623
synth_u_59ea0aae,budget,Ankara,Çankaya,39.87911014599542,32.8926855817167
synth_u_dc1c6b79,loyal,İstanbul,Şişli,41.03386661043245,29.000233958461994
synth_u_de0cd007,premium,Ankara,Çankaya,39.891236852379684,32.85899580497274
synth_u_738d1841,healthy,İstanbul,Üsküdar,41.00895863671596,29.00061989859021
synth_u_93a05a29,loyal,İstanbul,Beyoğlu,41.01361467843562,28.96881671441611
synth_u_e0cbf931,loyal,Ankara,Çankaya,39.904795354500145,32.87201334278194
synth_u_3e41f3e1,premium,İzmir,Konak,38.434438690099746,27.118979891692366
synth_u_e119451c,budget,İstanbul,Şişli,41.06284870892151,28.974311381181206
synth_u_159689e5,loyal,İstanbul,Beşiktaş,41.027611902058005,29.037764019717546
synth_u_da519e31,loyal,İzmir,Konak,38.42079093470083,27.147109919939815
synth_u_3e883b23,explorer,İstanbul,Kadıköy,40.99927915791223,29.010980454759032
synth_u_3bd9d925,explorer,İzmir,Konak,38.404033058705075,27.152606007851944
synth_u_0ca68e3b,budget,İstanbul,Sarıyer,41.185460589317096,29.023542600190225
synth_u_b8daebdf,explorer,İstanbul,Bakırköy,40.969766655820926,28.878355671335612
synth_u_dd745563,explorer,Ankara,Çankaya,39.906838188474765,32.867246839982535
synth_u_49a3c89f,budget,İstanbul,Maltepe,40.96132636261285,29.13331413244043
synth_u_a60b0e58,loyal,İstanbul,Kadıköy,40.97634720854504,29.00756325338603
synth_u_46c9c150,loyal,İstanbul,Şişli,41.06546944690067,29.00906810902114
synth_u_1afdbc97,budget,Ankara,Çankaya,39.922009950618246,32.85036954342698
synth_u_56fc3c61,premium,İstanbul,Bakırköy,40.958029873748714,28.84394277825645
synth_u_1cc3af84,explorer,İzmir,Konak,38.41236706919369,27.15918907534646
synth_u_3a00a0da,explorer,İstanbul,Şişli,41.04971098402016,29.021212956675992
synth_u_275f5a1d,loyal,İstanbul,Maltepe,40.960800654073985,29.14097426306521
synth_u_9b3b14e7,explorer,İstanbul,Beyoğlu,41.056959471179034,28.985348541730477
synth_u_cdd887b1,explorer,İstanbul,Üsküdar,41.005151439458935,29.001459462944798
synth_u_4251cb90,loyal,İstanbul,Kadıköy,40.963870157117455,29.04216629547514
synth_u_93709482,loyal,İzmir,Konak,38.44434507785338,27.096438246487853
synth_u_4ee338e5,explorer,İstanbul,Maltepe,40.94192060283394,29.140292115126332
synth_u_7f7b277f,loyal,İstanbul,Kadıköy,41.00406180151903,29.008937277960285
synth_u_b8d0637b,loyal,Ankara,Çankaya,39.881168973652436,32.87752435215
synth_u_de549329,loyal,İstanbul,Şişli,41.0328889524484,28.96628817833835
synth_u_28b6b2c2,loyal,İstanbul,Beşiktaş,41.021612681146735,28.973657377767086
synth_u_10fa722c,loyal,İstanbul,Şişli,41.041264240156536,28.98093630393961
synth_u_eb33918a,premium,İstanbul,Şişli,41.07707335013872,29.007798146295666
synth_u_4969ed9a,explorer,İstanbul,Bakırköy,40.959165216851275,28.84127853878162
synth_u_75b4a16b,budget,İstanbul,Beşiktaş,41.067214169266705,28.97888341853272
synth_u_ff6f763b,budget,İstanbul,Kadıköy,40.96782715789428,29.059340772104527
synth_u_17532e8a,explorer,İzmir,Konak,38.4404554687917,27.142809142467776
synth_u_b70c2db6,loyal,İstanbul,Kadıköy,41.01186774434616,29.00314440284725
synth_u_cc0cde64,explorer,İzmir,Konak,38.41429620895949,27.13243331378798
synth_u_319f917d,explorer,İstanbul,Üsküdar,41.01174868365846,28.986348586002737
synth_u_7bedf536,budget,İstanbul,Sarıyer,41.148075131595505,29.03680691233642
synth_u_32454fb0,explorer,İstanbul,Maltepe,40.942661673173475,29.128892442106057
synth_u_74e4a998,loyal,İstanbul,Kadıköy,40.97954656573222,28.99776147002023
synth_u_9048a6dd,loyal,İstanbul,Şişli,41.05871063849301,28.998644455638015
synth_u_35b0ba7c,explorer,İstanbul,Şişli,41.052328136477875,28.97860117788814
synth_u_d3392245,budget,İstanbul,Beşiktaş,41.04091124087322,28.989780090092353
synth_u_67f3a5fe,explorer,İstanbul,Kadıköy,41.00142005140792,28.998818935362532
synth_u_0a4a71e7,explorer,İstanbul,Beyoğlu,41.06134354254992,28.983629919776636
synth_u_8cb23aff,healthy,İstanbul,Şişli,41.06052066342292,29.02047938739566
synth_u_52d4d875,budget,İstanbul,Beyoğlu,41.05652993888744,28.975498922542698
synth_u_314f0e45,loyal,İstanbul,Sarıyer,41.14165018884093,29.051913900552037
synth_u_607a13db,loyal,İstanbul,Üsküdar,41.02920124942429,28.988094333584318
synth_u_d493e4d4,loyal,İzmir,Konak,38.44472242585609,27.149981258569618
synth_u_f68c3970,loyal,İstanbul,Kadıköy,41.00069867401904,29.006353745372213
synth_u_c193acab,loyal,İstanbul,Üsküdar,41.01295672912227,29.031571250432894
synth_u_4947e3b1,loyal,İstanbul,Beyoğlu,41.03871374008516,29.002756177344075
synth_u_4eb50a58,loyal,İstanbul,Sarıyer,41.182289223720424,29.055636093525546
synth_u_652b71f4,loyal,İstanbul,Kadıköy,40.97186174700494,29.032468946221847
synth_u_e009efdc,premium,Ankara,Çankaya,39.92636909009509,32.867216883961724
synth_u_ce27513e,loyal,İstanbul,Sarıyer,41.18734788025,29.07393439841687
synth_u_677f44f8,explorer,İstanbul,Beyoğlu,41.04178984605148,28.944054156296797
synth_u_2f16e4cd,explorer,İstanbul,Üsküdar,41.0324736682818,29.008258525060864
synth_u_71dfbd78,healthy,İstanbul,Şişli,41.04511509696845,29.00471703259265
synth_u_6af7dce5,loyal,İstanbul,Kadıköy,41.00795599596245,29.01359630650722
synth_u_ac45f8e9,explorer,İstanbul,Sarıyer,41.176792001466744,29.08072731027699
synth_u_9d56d330,healthy,İzmir,Konak,38.41612489801791,27.151179136215337
synth_u_a498fd02,premium,İstanbul,Üsküdar,41.000499289205564,29.01112416881008
synth_u_98615e5b,premium,İstanbul,Bakırköy,40.997248052462176,28.89478413254384
synth_u_469c69bb,loyal,İstanbul,Kadıköy,41.002128075587265,29.020781184920033
synth_u_294dfc3a,loyal,İstanbul,Kadıköy,40.97419261874765,29.051541887942303
synth_u_0dcb6dff,budget,İstanbul,Şişli,41.08189627401844,29.00176956470147
synth_u_5744dbf2,healthy,İstanbul,Beyoğlu,41.030329312298186,29.00751803150122
synth_u_375d0ca1,explorer,İstanbul,Şişli,41.0643834374839,28.963986987864182
synth_u_57dc923c,explorer,İstanbul,Şişli,41.0411115467307,29.015379886521288
synth_u_3035f1c2,loyal,İstanbul,Kadıköy,40.96525678323772,28.995449462259803
synth_u_3bf4e4bb,budget,İstanbul,Beşiktaş,41.027737896054894,28.98969908710001
synth_u_4fa86bc4,loyal,İstanbul,Şişli,41.03335688418916,29.00719408915275
synth_u_ed1218d8,loyal,Ankara,Çankaya,39.9113660299554,32.869926762381866
synth_u_f02e8aed,explorer,İstanbul,Üsküdar,41.04664621448962,29.03054221881365
synth_u_97acd6f2,explorer,İstanbul,Şişli,41.05262299742005,28.97625443775651
synth_u_5af59f1a,loyal,İstanbul,Beşiktaş,41.043915562071795,29.018258710810883
synth_u_d7f0d50e,loyal,İstanbul,Beyoğlu,41.04467597040682,29.0018001981466
synth_u_8330f7fc,budget,İstanbul,Üsküdar,41.01095280420622,29.028512648865703
synth_u_098e20d0,loyal,İzmir,Konak,38.426799715979165,27.15363995404925
synth_u_ec0f3259,explorer,İzmir,Konak,38.427387376687165,27.10719940289519
synth_u_2ff18c2f,loyal,Ankara,Çankaya,39.91990972014235,32.88410544792808
synth_u_8d8bcb1e,explorer,İstanbul,Beşiktaş,41.02333673019332,28.975389909481343
synth_u_26431fdf,explorer,İstanbul,Beşiktaş,41.03839814519358,29.001392788416847
synth_u_81f66cef,loyal,İzmir,Konak,38.43628187573258,27.117879813382185
synth_u_64ee773d,loyal,İstanbul,Beyoğlu,41.051299840826815,29.00633224630738
synth_u_912ea8b9,loyal,İstanbul,Beşiktaş,41.024961441300626,29.02069606835064
synth_u_bf11eada,loyal,İstanbul,Kadıköy,40.970688872416005,29.010416496889142
synth_u_e1e1151e,healthy,İstanbul,Beşiktaş,41.05251418212378,28.997619962282755
synth_u_07c6b8aa,loyal,İstanbul,Beşiktaş,41.06287741795484,29.00370035781635
synth_u_f81e7245,premium,İstanbul,Üsküdar,41.020741115037175,28.98791518716127
synth_u_b381dcc5,loyal,İstanbul,Üsküdar,41.04671626940541,28.98457889179647
synth_u_ca690e30,budget,İstanbul,Sarıyer,41.16040374161111,29.032321067690727
synth_u_ef5eeec6,budget,İstanbul,Kadıköy,41.0174133974534,29.01643322401861
synth_u_89baff17,explorer,İzmir,Konak,38.39991481904322,27.153702208317586
synth_u_675b86a1,explorer,İstanbul,Beyoğlu,41.042982852554736,28.95404078420583
synth_u_88a60993,explorer,İstanbul,Şişli,41.04359093882892,29.006709386132925
synth_u_22b152a0,loyal,İstanbul,Beyoğlu,41.0501469820057,28.947678478329085
synth_u_4e2bfe79,healthy,İstanbul,Şişli,41.055463537762186,28.985479896776322
synth_u_8065b2fe,premium,İstanbul,Beşiktaş,41.035940616509585,28.974574450011744
synth_u_b3239fe3,healthy,İstanbul,Beyoğlu,41.009841412196266,28.941664834614727
synth_u_77a625e9,loyal,İstanbul,Bakırköy,40.9689864742737,28.845232269192113
synth_u_a22c38b3,budget,İstanbul,Beşiktaş,41.01930200121461,28.976842141829653
synth_u_bf83ef21,healthy,İstanbul,Beyoğlu,41.03720365641448,28.972446359508723
synth_u_cccc698f,loyal,İstanbul,Şişli,41.080996420332134,28.97701013818896
synth_u_8cfadeed,loyal,Ankara,Çankaya,39.920265314423794,32.8289160997431
synth_u_4efabd88,budget,İstanbul,Kadıköy,41.003452790233055,29.0341231128056
synth_u_c2bb42e8,explorer,İstanbul,Bakırköy,40.99319065702951,28.862864055288657
synth_u_7838118d,premium,İstanbul,Beyoğlu,41.01149929522063,29.012649463233366
synth_u_1d97058e,loyal,İstanbul,Sarıyer,41.142380273322864,29.019212041492466
synth_u_f9e390fc,budget,İstanbul,Beyoğlu,41.03451601828798,28.952342612651442
synth_u_f01a31ee,loyal,İstanbul,Kadıköy,40.98652278142848,28.999125237489732
synth_u_6afd6d00,loyal,İstanbul,Üsküdar,41.003087217458365,29.038990277114834
synth_u_63821839,loyal,İstanbul,Üsküdar,41.01095441990109,29.035702205882846
synth_u_acf944da,premium,İstanbul,Beşiktaş,41.02998886030345,29.011058855670438
synth_u_d3850a76,budget,İstanbul,Şişli,41.0409418161422,28.990550916749925
synth_u_544593d5,explorer,İstanbul,Beyoğlu,41.021548933295755,28.94228295458367
synth_u_7febcf2f,explorer,İstanbul,Sarıyer,41.17593632056766,29.021607051343214
synth_u_cc1ee3ae,premium,İstanbul,Kadıköy,41.00288520261874,29.056687194466015
synth_u_1647cb09,explorer,İzmir,Konak,38.40817417182218,27.126235430786142
synth_u_e371e7ab,premium,İstanbul,Sarıyer,41.18584046949928,29.03676280600459
synth_u_4439337d,explorer,İstanbul,Bakırköy,40.95550802542328,28.890286833458713
synth_u_6b932685,explorer,İstanbul,Kadıköy,40.99875668249618,29.015430002684795
synth_u_4b6f122e,explorer,İstanbul,Beşiktaş,41.05539826731559,29.000270972042117
synth_u_884fbcde,loyal,İstanbul,Şişli,41.084289725954044,28.970743431033036
synth_u_40c3cbc7,budget,İstanbul,Beyoğlu,41.03166972008108,29.004870166691816
synth_u_7d030697,explorer,İstanbul,Bakırköy,40.95354304841434,28.90347965393551
synth_u_a0c20bfd,loyal,Ankara,Çankaya,39.90246350543461,32.86765795902299
synth_u_40156ab0,premium,İstanbul,Şişli,41.05165669809876,28.95332231566149
synth_u_748e8d03,explorer,İstanbul,Bakırköy,40.99857636764801,28.87058854096385
synth_u_886a25c6,explorer,İstanbul,Şişli,41.034757963534034,28.97001077531429
synth_u_edef79b9,healthy,İstanbul,Sarıyer,41.16814150875884,29.064293247411356
synth_u_48f1471c,budget,İzmir,Konak,38.42838077611969,27.117544071172663
synth_u_896ff9ed,loyal,İstanbul,Üsküdar,41.01907015714102,29.03153893471355
synth_u_65d1fe7f,healthy,İstanbul,Üsküdar,41.01647711445442,29.039590700565157
synth_u_e1624bea,budget,İstanbul,Üsküdar,40.996302425264105,29.046421411328065
synth_u_4c099e92,loyal,İstanbul,Sarıyer,41.18676841268177,29.01627347869811
synth_u_a01902c7,loyal,İstanbul,Şişli,41.04730849352751,28.987596742056883
synth_u_a2641bd6,budget,İstanbul,Şişli,41.044975675675204,28.9841676199966
synth_u_b9d264d8,budget,İstanbul,Sarıyer,41.16393881729264,29.01942149660295
synth_u_38f4e00e,explorer,İstanbul,Kadıköy,40.9855805221066,28.994459843575036
synth_u_c5e32c13,premium,İstanbul,Kadıköy,40.99643260951685,29.03622660458947
synth_u_20267800,budget,İstanbul,Beyoğlu,41.04425653965194,28.974061799784874
synth_u_34a4cca8,loyal,İstanbul,Kadıköy,40.97582260077818,29.02443877328595
synth_u_953a8b99,loyal,İstanbul,Üsküdar,41.0344112469259,29.005505463738373
synth_u_67c034f9,loyal,İstanbul,Bakırköy,40.96235930312542,28.860441521637007
synth_u_4d235808,budget,İstanbul,Beşiktaş,41.043988383059684,29.023883998338917
synth_u_34828d16,loyal,İstanbul,Beyoğlu,41.05329668431993,28.99457866263329
synth_u_b05b8db4,explorer,İstanbul,Üsküdar,41.00581045408279,29.046123706468016
synth_u_7e3b20f7,budget,İstanbul,Maltepe,40.919174527786865,29.118703694491117
synth_u_b2a0842a,premium,İstanbul,Üsküdar,41.032004960671635,28.988304783447983
synth_u_02785282,loyal,İstanbul,Üsküdar,41.02292689600838,29.048533804033745
synth_u_d2100a9b,premium,İstanbul,Kadıköy,41.01433017734225,29.05196341083004
synth_u_0c606c29,loyal,İstanbul,Maltepe,40.95807197223982,29.144025091025046
synth_u_8572c3fc,premium,İstanbul,Kadıköy,40.98471381509301,29.034900334805517
synth_u_f35b8277,loyal,İstanbul,Şişli,41.08521896001108,29.016915298698457
synth_u_562f2f88,explorer,İzmir,Konak,38.44463198107633,27.12544674066358
synth_u_02da4037,budget,İstanbul,Üsküdar,41.04358847867074,29.01618087287984
synth_u_a9e47979,loyal,İstanbul,Beşiktaş,41.05560100802131,29.013240130745984
synth_u_2b36f274,loyal,İstanbul,Üsküdar,41.011379972728605,29.004215748418048
synth_u_d0e22419,budget,İstanbul,Bakırköy,41.00308537800632,28.848732104616268
synth_u_63e30127,budget,İstanbul,Beşiktaş,41.02201109471803,28.998810048394514
synth_u_084a2902,budget,Ankara,Çankaya,39.91475803413451,32.875077713767176
synth_u_4e4c4e53,budget,İstanbul,Sarıyer,41.18346512320685,29.04843211169148
synth_u_da1106ad,explorer,İstanbul,Kadıköy,40.966832690502464,29.011012771138684
synth_u_cc812b09,loyal,İstanbul,Bakırköy,40.95828802108869,28.84044252260847
synth_u_b47e1d43,loyal,İstanbul,Beyoğlu,41.02826121282949,28.9738028572508
synth_u_0791ae5b,loyal,İstanbul,Bakırköy,40.997121161362415,28.889156213661785
synth_u_3db325b5,healthy,İstanbul,Beyoğlu,41.051945062042094,28.991254836795115
synth_u_dcccf2b6,explorer,Ankara,Çankaya,39.89732187289957,32.89498057792725
synth_u_48980d9a,explorer,İstanbul,Beyoğlu,41.00957379663106,28.959380764607776
synth_u_080f963f,explorer,İstanbul,Sarıyer,41.163722370481324,29.027093190608706
synth_u_132f12f2,healthy,İstanbul,Üsküdar,41.036489605686945,29.018639834932028
synth_u_3f434fcb,loyal,İstanbul,Bakırköy,40.96083230876334,28.8681352620898
synth_u_abb0de2d,explorer,İzmir,Konak,38.43190699924466,27.10243853652682
synth_u_6d842084,explorer,İstanbul,Beyoğlu,41.01590359622245,28.983218555950724
synth_u_8031c5e7,budget,İstanbul,Beyoğlu,41.0595483486741,28.94423151237023
synth_u_d37ec2fa,loyal,İstanbul,Maltepe,40.942676576354536,29.1548526203592
synth_u_395558c9,premium,İstanbul,Beyoğlu,41.02822895071155,28.997554082714775
synth_u_244eb080,healthy,İzmir,Konak,38.42031385336928,27.148449469504463
synth_u_1ff50e3d,explorer,İstanbul,Beyoğlu,41.01384300291562,28.957220672545738
synth_u_26cd7782,budget,İstanbul,Şişli,41.04814185714434,29.019381185746425
synth_u_2d3256cc,healthy,İzmir,Konak,38.43669667032028,27.161894242498956
synth_u_39ef9908,budget,İstanbul,Şişli,41.04526475007747,28.99729848476355
synth_u_6d541446,loyal,İstanbul,Kadıköy,41.01164649508102,29.019204816133765
synth_u_f0d062e2,explorer,İstanbul,Beyoğlu,41.024161026717806,29.006676896013783
synth_u_98be9f8f,budget,İstanbul,Beyoğlu,41.03518674103596,28.962612179383456
synth_u_eaccbe43,explorer,İstanbul,Beyoğlu,41.06012766592694,28.953365056374203
synth_u_96723716,budget,İstanbul,Üsküdar,41.00706656621273,29.024579324875535
synth_u_1c667c88,healthy,İstanbul,Şişli,41.037890638333714,28.98980648100336
synth_u_48abd476,healthy,İstanbul,Bakırköy,40.97389933852318,28.89447890803921
synth_u_2b9ec4c8,explorer,İstanbul,Kadıköy,40.98859595866271,29.01564874608166
synth_u_aff635a3,loyal,İstanbul,Kadıköy,40.97738962167521,28.99693835773163
synth_u_eb8bdfd1,healthy,İstanbul,Şişli,41.05665814398616,28.98025017876861
synth_u_eaa9f3c3,premium,İstanbul,Üsküdar,41.024582938922215,29.025432516223425
synth_u_117c8f3c,loyal,İstanbul,Bakırköy,40.9528333434479,28.896734015493895
synth_u_3fd5cdbd,healthy,İstanbul,Kadıköy,41.006307670143926,29.013474261653403
synth_u_5b5ce80e,premium,Ankara,Çankaya,39.89698992294488,32.88549769940941
synth_u_2928a6f1,explorer,İstanbul,Beyoğlu,41.016244943801595,28.969388377903396
synth_u_84a55400,explorer,İstanbul,Üsküdar,41.01178413530898,29.043025823222546
synth_u_2ea0d113,explorer,İzmir,Konak,38.39277568690645,27.154555842701683
synth_u_3689a461,loyal,İstanbul,Kadıköy,40.99602458851099,29.030360544728666
synth_u_7210d9f2,loyal,İstanbul,Bakırköy,40.999213317620246,28.860620124823875
synth_u_97360e7a,premium,İstanbul,Sarıyer,41.14747324957371,29.024109305558433
synth_u_f7b3c654,loyal,İstanbul,Beşiktaş,41.02557610728506,29.03087630123721
synth_u_359b5613,loyal,Ankara,Çankaya,39.93011962434732,32.86007063114895
synth_u_9e6babe9,explorer,İstanbul,Üsküdar,41.009223654854864,28.99362087673504
synth_u_4ea34f6e,explorer,İstanbul,Şişli,41.03920352143762,28.99824536958769
synth_u_352dc1b1,healthy,İstanbul,Kadıköy,40.97423235508727,29.02668748976898
synth_u_687d35d7,loyal,İstanbul,Beşiktaş,41.04734972609974,29.014098039166498
synth_u_14921060,loyal,İzmir,Konak,38.40128862221113,27.115813352613667
synth_u_10e18598,budget,İstanbul,Üsküdar,41.01062863973094,29.0052325927224
synth_u_960bdeae,explorer,İstanbul,Sarıyer,41.1647918041122,29.036657033762015
synth_u_d64cb685,loyal,İstanbul,Kadıköy,40.9986676542747,28.997764162527304
synth_u_7f77b974,explorer,İstanbul,Kadıköy,40.992887461463674,29.010744681873437
synth_u_73aeb0c7,loyal,İstanbul,Kadıköy,40.964780015938985,29.02821405559033
synth_u_ee7d35a2,loyal,İstanbul,Beyoğlu,41.05045136512987,28.956616037266553
synth_u_143a2270,explorer,İstanbul,Beyoğlu,41.06285827973037,28.975200930896783
synth_u_1f150ab8,explorer,İstanbul,Beşiktaş,41.05751053208435,29.02611510612628
synth_u_5fcc96c7,healthy,İstanbul,Beyoğlu,41.01376778509487,28.96744441939358
synth_u_dd08adca,explorer,İstanbul,Sarıyer,41.183369732806916,29.05498827820131
synth_u_e221da4b,explorer,İstanbul,Kadıköy,40.97237959015754,29.03245199755609
synth_u_6ef395f9,budget,İzmir,Konak,38.43195242209918,27.127561871054702
synth_u_62e4f8cb,loyal,İstanbul,Maltepe,40.921399995005636,29.11343909596561
synth_u_e9bbaf7b,budget,İstanbul,Beşiktaş,41.06483924824719,28.999456040319302
synth_u_7cb4a72a,loyal,Ankara,Çankaya,39.87852998370729,32.87326549514549
synth_u_3f2ca9f0,healthy,İstanbul,Beyoğlu,41.053718765170466,29.001197405356965
synth_u_6e985a96,loyal,İstanbul,Beyoğlu,41.02923294970509,28.968494470508166
synth_u_50f8d3c3,explorer,İstanbul,Sarıyer,41.16770069716508,29.037919869563474
synth_u_ddb4ad61,loyal,İstanbul,Şişli,41.07917672550656,28.986158146700834
synth_u_95ef3dbe,healthy,İstanbul,Kadıköy,41.01145049963181,29.023396005977823
synth_u_2f98aac3,explorer,İstanbul,Üsküdar,41.00710632995328,28.9928677293911
synth_u_df43b3e6,explorer,İstanbul,Maltepe,40.94460862934651,29.124190371601603
synth_u_04fde14b,loyal,İstanbul,Beyoğlu,41.034754845552435,28.956468648809892
synth_u_c1a5bc22,budget,İstanbul,Şişli,41.04544434094169,28.960424252842003
synth_u_54a9c077,loyal,İstanbul,Üsküdar,40.99779139812105,29.020477878842872
synth_u_e8c5a0d0,premium,Ankara,Çankaya,39.904299496899355,32.85613817111538
synth_u_4a0f8b17,loyal,İstanbul,Sarıyer,41.17912293597015,29.06987097259691
synth_u_12924b99,loyal,İstanbul,Üsküdar,41.02115478134675,29.01398659569555
synth_u_3ffb3bc5,loyal,İstanbul,Üsküdar,41.038625192987055,29.03825951059713
synth_u_85f37015,explorer,İstanbul,Beyoğlu,41.01793901089695,28.99049971704969
synth_u_0490f6d5,explorer,İstanbul,Kadıköy,40.98421682984437,29.001361930520915
synth_u_0106527e,loyal,İstanbul,Sarıyer,41.167035650057876,29.04104093370191
synth_u_3f83de46,budget,İstanbul,Kadıköy,41.012508552343924,29.0348478984725
synth_u_12a66091,explorer,İstanbul,Kadıköy,40.98984005054662,29.00122698727853
synth_u_1a474b28,explorer,İstanbul,Kadıköy,41.01446134273638,29.04048705167596
synth_u_c53598ba,explorer,İstanbul,Şişli,41.03462098828846,28.98923745257801
synth_u_27f08c85,explorer,İstanbul,Beyoğlu,41.05042279307602,28.966487901751638
synth_u_1e0bdd09,explorer,İstanbul,Sarıyer,41.17091463875131,29.041449815208257
synth_u_64031689,loyal,İstanbul,Beşiktaş,41.062208283637915,28.99386696424839
synth_u_2970a364,loyal,İstanbul,Beşiktaş,41.05410534255168,29.03014258594036
synth_u_1b77863d,premium,İstanbul,Beyoğlu,41.02914485847054,28.95608990020403
synth_u_40d948db,healthy,İstanbul,Kadıköy,40.98680386967996,29.033813557776952
synth_u_a720c517,explorer,İstanbul,Şişli,41.052037518618185,28.971010640366906
synth_u_4684794c,loyal,İstanbul,Beşiktaş,41.04561648369407,29.013525452617603
synth_u_90fc677c,budget,İstanbul,Beyoğlu,41.022590683537445,28.963344495314594
synth_u_8be91206,explorer,İstanbul,Şişli,41.03973613613256,29.01318186752597
synth_u_ec459e90,loyal,İstanbul,Şişli,41.070073591475406,28.962855154415863
synth_u_0904d39b,loyal,İstanbul,Maltepe,40.95216236396487,29.138458832259204
synth_u_a5a3933e,budget,İstanbul,Kadıköy,41.015911905479705,28.99227271002411
synth_u_4d975511,budget,İstanbul,Beyoğlu,41.04131867252757,28.947685597567652
synth_u_8ffc6129,loyal,İstanbul,Kadıköy,40.96581380206946,29.019416316187684
synth_u_ab689796,loyal,İstanbul,Beyoğlu,41.04733815306535,28.984185017455914
synth_u_844477a5,loyal,İstanbul,Şişli,41.043176067178706,28.998346537094143
synth_u_5aec2762,budget,İstanbul,Kadıköy,40.996179184480674,29.028832450987387
synth_u_003b92d1,loyal,İstanbul,Üsküdar,41.01511837828516,29.026406655620665
synth_u_75211c5b,loyal,İstanbul,Beşiktaş,41.0373639832411,29.02155948930492
synth_u_a7771667,budget,İstanbul,Beyoğlu,41.048706785953854,28.946286515566086
synth_u_acf80007,loyal,İstanbul,Bakırköy,40.98059534415933,28.87773777679554
synth_u_d966febc,budget,İstanbul,Beşiktaş,41.04854937340499,28.987506961889885
synth_u_cd133e1b,loyal,İstanbul,Beşiktaş,41.037780250059846,28.981195783114163
synth_u_ef54a23f,loyal,İstanbul,Şişli,41.038597783649834,28.988052480860574
synth_u_cfb629ae,loyal,İstanbul,Maltepe,40.93994831777156,29.14419496798057
synth_u_b1d1fe98,budget,İstanbul,Maltepe,40.94981747486739,29.163302914081505
synth_u_6d27f0b7,premium,Ankara,Çankaya,39.922968825906736,32.8615295640423
synth_u_c2a4abf6,premium,İstanbul,Üsküdar,41.049413407208945,29.027975284879627
synth_u_011cd1f5,explorer,İstanbul,Şişli,41.05135925759291,28.989655773245403
synth_u_79e47d0c,budget,İstanbul,Beşiktaş,41.02080050973849,29.021848735626246
synth_u_0baff2f0,loyal,Ankara,Çankaya,39.902132727248066,32.85247984705942
synth_u_7799539a,loyal,Ankara,Çankaya,39.913297692352636,32.89168470688694
synth_u_beec0d5c,premium,İstanbul,Beşiktaş,41.0288571090727,28.992586865214545
synth_u_17f3f6a3,loyal,İstanbul,Beşiktaş,41.04921064319902,28.984745586742545
synth_u_2cdc048d,loyal,İstanbul,Kadıköy,41.01543673967905,29.02717471377449
synth_u_b51f5c61,loyal,İstanbul,Beyoğlu,41.01115746630978,28.97593102627982
synth_u_c63aa558,loyal,Ankara,Çankaya,39.92399390532688,32.86805085695051
synth_u_555fa7ff,loyal,İzmir,Konak,38.44168685565797,27.113540200112308
synth_u_54a3b23b,explorer,İstanbul,Kadıköy,40.992191105071626,29.022198444937793
synth_u_5e8fc646,explorer,İstanbul,Şişli,41.078781088135024,29.00687868845176
synth_u_b34e5d0e,premium,İstanbul,Bakırköy,40.97524165351603,28.88534705521027
synth_u_04372844,premium,İstanbul,Şişli,41.037718801412964,28.977178705497533
synth_u_fa877289,loyal,İstanbul,Beşiktaş,41.03033557997432,29.042262104675178
synth_u_832b6e32,loyal,İstanbul,Beyoğlu,41.020253107141116,28.99158334180486
synth_u_beb0d133,explorer,İstanbul,Şişli,41.056636702242045,28.99221913837178
synth_u_950d7a1c,explorer,İstanbul,Maltepe,40.94783597077918,29.15205831247186
synth_u_1d8bb6a9,loyal,İstanbul,Şişli,41.04015641812635,29.020014872083884
synth_u_3e22442c,budget,İstanbul,Kadıköy,40.98655787400055,29.00152366597826
synth_u_a9f34e89,explorer,İstanbul,Bakırköy,40.99282340198346,28.857482891424407
synth_u_aa96a26b,explorer,İstanbul,Kadıköy,40.96912296212402,29.00359112792961
synth_u_9357fbd3,explorer,İstanbul,Beyoğlu,41.042919579046604,28.973606527637486
synth_u_bb47e0b7,loyal,İstanbul,Şişli,41.06240764801335,29.009324064668906
synth_u_02320f8d,healthy,İstanbul,Kadıköy,41.0106577612959,29.060864855582665
synth_u_b2104d13,budget,İstanbul,Üsküdar,41.02477774348136,29.049645649256572
synth_u_fd499e6d,loyal,İstanbul,Üsküdar,41.02202398617862,29.032246391307908
synth_u_0e679967,premium,İstanbul,Beşiktaş,41.049919577863974,28.983946677208845
synth_u_a5c1e603,explorer,Ankara,Çankaya,39.89917386420775,32.870713706069914
synth_u_03407b98,premium,İstanbul,Kadıköy,40.97252970210524,29.008237053625773
synth_u_062bc96f,budget,İstanbul,Bakırköy,40.983096485028334,28.864314833402492
synth_u_5ee33f02,explorer,Ankara,Çankaya,39.91679975667439,32.864275191044484
synth_u_1184278e,loyal,İstanbul,Beşiktaş,41.017021680665756,29.025724194599754
synth_u_4a529d7f,loyal,İstanbul,Bakırköy,40.99089944523866,28.851077561404768
synth_u_ff185499,explorer,İstanbul,Kadıköy,41.011269782510794,29.031168453202962
synth_u_f5b5d2ef,budget,İstanbul,Beyoğlu,41.06271155304782,28.948816966832055
synth_u_15dc33b7,loyal,İstanbul,Üsküdar,41.04353628741062,29.001641978262906
synth_u_b811cd90,loyal,İstanbul,Şişli,41.039106038226336,28.98901707419865
synth_u_0d6fef81,premium,İstanbul,Üsküdar,41.04217939553586,29.002776197861554
synth_u_b78bab1d,healthy,İstanbul,Sarıyer,41.19030581468457,29.050285761465208
synth_u_35e50489,explorer,İstanbul,Bakırköy,40.95994252107999,28.87878681197142
synth_u_ddb8000c,loyal,İstanbul,Sarıyer,41.16328526332003,29.056837278223902
synth_u_23661fdb,loyal,İstanbul,Şişli,41.06144422281817,29.00894354256175
synth_u_e41321ef,loyal,İstanbul,Şişli,41.04069013724697,28.952013284167275
synth_u_03762230,healthy,İstanbul,Sarıyer,41.15836134687838,29.04458827946023
synth_u_644e555c,loyal,İstanbul,Beyoğlu,41.04970933518227,28.962839815194446
synth_u_cb13a630,explorer,İstanbul,Üsküdar,41.03874148020906,29.0187542594287
synth_u_8bae955d,loyal,İstanbul,Beyoğlu,41.03021092322271,28.953069430729837
synth_u_e591f4d8,explorer,İstanbul,Maltepe,40.92079688790447,29.10019128566063
synth_u_b4ea8081,budget,İstanbul,Maltepe,40.9580596974832,29.152307842741127
synth_u_646c916f,premium,İstanbul,Üsküdar,41.024426717082555,28.99873679046057
synth_u_897d6b4d,loyal,İstanbul,Beşiktaş,41.031426772934665,29.01921094754561
synth_u_74f4b604,loyal,İstanbul,Bakırköy,40.97696735210958,28.858958488800987
synth_u_dd57e7aa,loyal,İstanbul,Beyoğlu,41.01892365395359,28.948698373329833
synth_u_03588b79,healthy,İstanbul,Şişli,41.03271643726214,28.957722509065682
synth_u_303569d6,premium,İstanbul,Şişli,41.049114955956924,29.008567515287634
synth_u_f766deb7,explorer,İstanbul,Maltepe,40.926724251191125,29.154881693547846
synth_u_3124379a,budget,İstanbul,Maltepe,40.912731605121564,29.128163918806198
synth_u_a31b047b,budget,İstanbul,Beşiktaş,41.03639877883915,28.974469696562746
synth_u_5ae52963,loyal,İstanbul,Maltepe,40.932816807683395,29.147302301466137
synth_u_aba74c6a,healthy,İstanbul,Bakırköy,40.95545190832274,28.883685795888148
synth_u_d2871470,explorer,İstanbul,Bakırköy,40.96724374949103,28.85913171714651
synth_u_a44c65c4,explorer,İstanbul,Bakırköy,40.98007999700636,28.844746171224543
synth_u_106228c8,explorer,İstanbul,Beşiktaş,41.06374700411046,29.035462938596215
synth_u_f574fe98,loyal,İstanbul,Beşiktaş,41.039241170301196,28.974645444242604
synth_u_20db2bbc,loyal,İstanbul,Şişli,41.04541293693206,29.020709303309555
synth_u_5281d171,budget,İstanbul,Beyoğlu,41.0411006639963,28.967984252034306
synth_u_5d7b0fe1,loyal,İstanbul,Beyoğlu,41.045951061824624,28.965621106098737
synth_u_c24e674a,budget,İstanbul,Şişli,41.04059288840186,28.989706055725865
synth_u_57b838de,loyal,İstanbul,Beşiktaş,41.06883652491696,29.030080903649292
synth_u_7b78d6af,explorer,İstanbul,Şişli,41.042703529678384,29.000666736581966
synth_u_780d0c71,loyal,İstanbul,Beşiktaş,41.01790748879543,29.024208653050344
synth_u_67555613,explorer,İstanbul,Bakırköy,40.960631126282145,28.849363169572477
synth_u_9648dea7,budget,İstanbul,Beyoğlu,41.055773612970654,28.984271539990978
synth_u_cc0d0a89,loyal,İstanbul,Beyoğlu,41.033164010799766,29.00008997098941
synth_u_64147100,explorer,İstanbul,Kadıköy,40.998260868240195,29.019038028301445
synth_u_1cd7f777,explorer,İstanbul,Üsküdar,41.0153527133568,29.023911777472076
synth_u_e91fa2a8,budget,İstanbul,Üsküdar,41.02480575792397,29.007239055664567
synth_u_80adfbf0,healthy,İstanbul,Maltepe,40.91720440615844,29.114782282535494
synth_u_c787dd05,budget,İstanbul,Kadıköy,40.99205408319963,28.99666893430827
synth_u_c7d5caad,loyal,İstanbul,Kadıköy,40.96955973883729,29.005615949344207
synth_u_030da094,loyal,İstanbul,Sarıyer,41.17533628423162,29.048654085938505
synth_u_7baa3dd0,loyal,İstanbul,Kadıköy,40.97570393427818,29.043300401771347
synth_u_c816badb,explorer,İstanbul,Beşiktaş,41.04233543250964,29.03733418871456
synth_u_14010d5e,loyal,İstanbul,Üsküdar,41.01518248925,29.032744429424813
synth_u_63e9a650,explorer,İstanbul,Maltepe,40.91202432564579,29.13866690477299
synth_u_fd4d434a,explorer,İstanbul,Kadıköy,40.98020024588476,29.059539090882637
synth_u_3711a67a,loyal,İstanbul,Bakırköy,40.97911140818392,28.849566055066557
synth_u_15a1c0cc,budget,İstanbul,Beyoğlu,41.060089369976076,28.98138670661525
synth_u_775e6f47,loyal,İstanbul,Kadıköy,40.99829320539936,29.01752842580929
synth_u_0b4dd36b,loyal,İstanbul,Şişli,41.03790012955231,29.008065653213688
synth_u_e471859b,budget,İstanbul,Şişli,41.04082305167024,29.022831137015206
synth_u_8b3d1aee,explorer,Ankara,Çankaya,39.90610709958892,32.897809549560456
synth_u_02454a03,budget,İstanbul,Üsküdar,41.040329998650854,29.002650787187036
synth_u_6fc565fc,explorer,İstanbul,Beşiktaş,41.05716260646672,29.03994147381605
synth_u_a73f3080,loyal,İstanbul,Şişli,41.08415537464437,28.951270594632458
synth_u_d23c5786,premium,İstanbul,Üsküdar,41.02365185723461,29.05065149271262
synth_u_32ba42d7,budget,İzmir,Konak,38.403785016907754,27.115929941454283
synth_u_c5b78886,budget,Ankara,Çankaya,39.904009269640056,32.86777949172428
synth_u_db53d58e,loyal,İstanbul,Kadıköy,40.9829976082857,29.00180556854313
synth_u_5c8e9733,explorer,İstanbul,Beşiktaş,41.0296239912677,28.99508789839638
synth_u_6aada169,explorer,Ankara,Çankaya,39.91606302453392,32.8785541482988
synth_u_b2914f8c,loyal,İstanbul,Maltepe,40.94614838384053,29.13575464473867
synth_u_06657a06,healthy,İstanbul,Beşiktaş,41.055275100646284,29.014867167273145
synth_u_193a4f7b,loyal,Ankara,Çankaya,39.89444808889044,32.889561308315365
synth_u_2dd75ca3,healthy,İstanbul,Sarıyer,41.18678846022277,29.027177142355523
synth_u_9ed4f66d,explorer,Ankara,Çankaya,39.91063714070442,32.87211475531356
